layer,feature_id,closed,seq,lon,lat
road,w32872657_0,0,0,123.4412848,41.7447788
road,w32872657_0,0,1,123.4411614,41.7448801
road,w32872657_0,0,2,123.4387333,41.7468047
road,w32872657_0,0,3,123.4371453,41.7480900
road,w32872657_0,0,4,123.4366696,41.7484750
road,w32872657_0,0,5,123.4360822,41.7489372
river_line,w49962625_0,0,0,123.8652678,41.8618977
river_line,w49962625_0,0,1,123.8536620,41.8617813
river_line,w49962625_0,0,2,123.8455618,41.8614297
river_line,w49962625_0,0,3,123.8385744,41.8615301
river_line,w49962625_0,0,4,123.8317080,41.8619616
river_line,w49962625_0,0,5,123.8229533,41.8614502
river_line,w49962625_0,0,6,123.8195336,41.8627481
river_line,w49962625_0,0,7,123.8125062,41.8628414
river_line,w49962625_0,0,8,123.7904449,41.8636236
river_line,w49962625_0,0,9,123.7816901,41.8632721
river_line,w49962625_0,0,10,123.7809330,41.8627931
river_line,w49962625_0,0,11,123.7732788,41.8579504
river_line,w49962625_0,0,12,123.7660650,41.8559452
river_line,w49962625_0,0,13,123.7577219,41.8549297
river_line,w49962625_0,0,14,123.7501688,41.8578704
river_line,w49962625_0,0,15,123.7439131,41.8597680
river_line,w49962625_0,0,16,123.7396975,41.8604275
river_line,w49962625_0,0,17,123.7370704,41.8602598
river_line,w49962625_0,0,18,123.7336893,41.8600439
river_line,w49962625_0,0,19,123.7281962,41.8585097
river_line,w49962625_0,0,20,123.7197848,41.8510938
river_line,w49962625_0,0,21,123.7096568,41.8459789
river_line,w49962625_0,0,22,123.7005479,41.8420226
river_line,w49962625_0,0,23,123.6916323,41.8389453
river_line,w49962625_0,0,24,123.6852808,41.8384337
river_line,w49962625_0,0,25,123.6772128,41.8370269
river_line,w49962625_0,0,26,123.6710329,41.8340852
river_line,w49962625_0,0,27,123.6693645,41.8337808
river_line,w49962625_0,0,28,123.6688887,41.8336893
river_line,w49962625_0,0,29,123.6626215,41.8325504
river_line,w49962625_0,0,30,123.6557551,41.8322946
river_line,w49962625_0,0,31,123.6485453,41.8339573
river_line,w49962625_0,0,32,123.6401339,41.8370269
river_line,w49962625_0,0,33,123.6336108,41.8366432
river_line,w49962625_0,0,34,123.6262293,41.8322946
river_line,w49962625_0,0,35,123.6174746,41.8280736
river_line,w49962625_0,0,36,123.6162676,41.8274916
river_line,w49962625_0,0,37,123.6087199,41.8238523
river_line,w49962625_0,0,38,123.6001368,41.8197587
river_line,w49962625_0,0,39,123.5894938,41.8160486
river_line,w49962625_0,0,40,123.5809107,41.8127221
river_line,w49962625_0,0,41,123.5737009,41.8082439
river_line,w49962625_0,0,42,123.5666342,41.8031644
river_line,w49962625_0,0,43,123.5640879,41.8013341
river_line,w49962625_0,0,44,123.5572215,41.7953194
river_line,w49962625_0,0,45,123.5496684,41.7916079
river_line,w49962625_0,0,46,123.5364504,41.7872562
river_line,w49962625_0,0,47,123.5297135,41.7844517
river_line,w49962625_0,0,48,123.5258074,41.7827762
river_line,w49962625_0,0,49,123.5194979,41.7795515
river_line,w49962625_0,0,50,123.5172654,41.7785929
river_line,w49962625_0,0,51,123.5161358,41.7761493
river_line,w49962625_0,0,52,123.5127954,41.7689221
river_line,w49962625_0,0,53,123.5097135,41.7634440
river_line,w49962625_0,0,54,123.5057354,41.7586679
river_line,w49962625_0,0,55,123.4969842,41.7543361
river_line,w49962625_0,0,56,123.4946799,41.7545933
river_line,w49962625_0,0,57,123.4819909,41.7522721
river_line,w49962625_0,0,58,123.4753390,41.7513436
river_line,w49962625_0,0,59,123.4602328,41.7512155
river_line,w49962625_0,0,60,123.4498043,41.7509594
river_line,w49962625_0,0,61,123.4419079,41.7480778
river_line,w49962625_0,0,62,123.4327240,41.7423783
river_line,w49962625_0,0,63,123.4290226,41.7419755
river_line,w49962625_0,0,64,123.4244843,41.7414817
river_line,w49962625_0,0,65,123.4166308,41.7420581
river_line,w49962625_0,0,66,123.4102793,41.7463488
river_line,w49962625_0,0,67,123.4065886,41.7525602
river_line,w49962625_0,0,68,123.4034987,41.7560178
river_line,w49962625_0,0,69,123.3974047,41.7580027
river_line,w49962625_0,0,70,123.3923407,41.7574905
river_line,w49962625_0,0,71,123.3859034,41.7549934
river_line,w49962625_0,0,72,123.3802963,41.7516554
river_line,w49962625_0,0,73,123.3774062,41.7499348
river_line,w49962625_0,0,74,123.3725996,41.7471813
river_line,w49962625_0,0,75,123.3659519,41.7456483
river_line,w49962625_0,0,76,123.3631583,41.7450040
river_line,w49962625_0,0,77,123.3543177,41.7434670
river_line,w49962625_0,0,78,123.3495112,41.7417379
river_line,w49962625_0,0,79,123.3451338,41.7394963
river_line,w49962625_0,0,80,123.3427306,41.7369345
river_line,w49962625_0,0,81,123.3392973,41.7318105
river_line,w49962625_0,0,82,123.3359386,41.7276650
river_line,w49962625_0,0,83,123.3348341,41.7263017
river_line,w49962625_0,0,84,123.3324920,41.7241691
river_line,w49962625_0,0,85,123.3305426,41.7223940
river_line,w49962625_0,0,86,123.3217879,41.7182939
river_line,w49962625_0,0,87,123.3144064,41.7159875
river_line,w49962625_0,0,88,123.3075400,41.7136169
river_line,w49962625_0,0,89,123.3057266,41.7130533
river_line,w49962625_0,0,90,123.3044177,41.7126465
river_line,w49962625_0,0,91,123.3000727,41.7113103
river_line,w49962625_0,0,92,123.2896014,41.7131043
river_line,w49962625_0,0,93,123.2835436,41.7145285
river_line,w49962625_0,0,94,123.2781859,41.7157953
river_line,w49962625_0,0,95,123.2756513,41.7168140
river_line,w49962625_0,0,96,123.2748385,41.7171407
river_line,w49962625_0,0,97,123.2716628,41.7156671
river_line,w49962625_0,0,98,123.2731219,41.7100929
river_line,w49962625_0,0,99,123.2748725,41.7064264
river_line,w49962625_0,0,100,123.2790442,41.7041337
river_line,w49962625_0,0,101,123.2823058,41.7002247
river_line,w49962625_0,0,102,123.2842799,41.6967000
river_line,w49962625_0,0,103,123.2831641,41.6926623
river_line,w49962625_0,0,104,123.2817049,41.6910600
river_line,w49962625_0,0,105,123.2793875,41.6900986
river_line,w49962625_0,0,106,123.2758685,41.6895858
river_line,w49962625_0,0,107,123.2716628,41.6897140
river_line,w49962625_0,0,108,123.2671137,41.6877271
river_line,w49962625_0,0,109,123.2595547,41.6865750
river_line,w49962625_0,0,110,123.2587023,41.6864451
river_line,w49962625_0,0,111,123.2508059,41.6878552
river_line,w49962625_0,0,112,123.2424803,41.6897781
river_line,w49962625_0,0,113,123.2369872,41.6924700
river_line,w49962625_0,0,114,123.2320948,41.6929187
river_line,w49962625_0,0,115,123.2294341,41.6917009
river_line,w49962625_0,0,116,123.2288332,41.6888167
river_line,w49962625_0,0,117,123.2305499,41.6818299
river_line,w49962625_0,0,118,123.2297774,41.6788170
river_line,w49962625_0,0,119,123.2253142,41.6761245
river_line,w49962625_0,0,120,123.2231684,41.6754834
river_line,w49962625_0,0,121,123.2193919,41.6756116
river_line,w49962625_0,0,122,123.2146712,41.6773425
river_line,w49962625_0,0,123,123.2076331,41.6790734
river_line,w49962625_0,0,124,123.2024832,41.6784965
river_line,w49962625_0,0,125,123.1993933,41.6754193
river_line,w49962625_0,0,126,123.1981059,41.6722779
river_line,w49962625_0,0,127,123.1977625,41.6673411
river_line,w49962625_0,0,128,123.1963892,41.6634939
river_line,w49962625_0,0,129,123.1915827,41.6613779
river_line,w49962625_0,0,130,123.1843729,41.6608008
river_line,w49962625_0,0,131,123.1823988,41.6584282
river_line,w49962625_0,0,132,123.1757040,41.6527849
river_line,w49962625_0,0,133,123.1645461,41.6490010
river_line,w49962625_0,0,134,123.1569071,41.6465638
river_line,w49962625_0,0,135,123.1487532,41.6432286
river_line,w49962625_0,0,136,123.1412001,41.6416892
river_line,w49962625_0,0,137,123.1349345,41.6386102
river_line,w49962625_0,0,138,123.1270380,41.6368141
river_line,w49962625_0,0,139,123.1212874,41.6354670
river_line,w49962625_0,0,140,123.1198112,41.6353593
river_line,w49962625_0,0,141,123.1186009,41.6351315
river_line,w49962625_0,0,142,123.1160990,41.6341276
river_line,w49962625_0,0,143,123.1143201,41.6325014
river_line,w49962625_0,0,144,123.1140375,41.6291890
river_line,w49962625_0,0,145,123.1129168,41.6266585
river_line,w49962625_0,0,146,123.1124468,41.6235984
river_line,w49962625_0,0,147,123.1111852,41.6200018
river_line,w49962625_0,0,148,123.1102453,41.6175234
river_line,w49962625_0,0,149,123.1071253,41.6160270
river_line,w49962625_0,0,150,123.1045504,41.6150003
river_line,w49962625_0,0,151,123.1035204,41.6129469
river_line,w49962625_0,0,152,123.1022787,41.6116242
river_line,w49962625_0,0,153,123.1021520,41.6099706
river_line,w49962625_0,0,154,123.1039861,41.6061264
river_line,w49962625_0,0,155,123.1034261,41.6040133
river_line,w49962625_0,0,156,123.1007738,41.6015234
river_line,w49962625_0,0,157,123.0966540,41.5998547
river_line,w49962625_0,0,158,123.0932851,41.5974798
river_line,w49962625_0,0,159,123.0909892,41.5930508
river_line,w49962625_0,0,160,123.0885859,41.5904831
river_line,w49962625_0,0,161,123.0824061,41.5873535
river_line,w49962625_0,0,162,123.0802388,41.5857968
river_line,w49962625_0,0,163,123.0793190,41.5847624
river_line,w49962625_0,0,164,123.0785008,41.5818003
river_line,w49962625_0,0,165,123.0782862,41.5794409
river_line,w49962625_0,0,166,123.0778813,41.5763357
river_line,w49962625_0,0,167,123.0786323,41.5696418
river_line,w49962625_0,0,168,123.0781144,41.5657318
river_line,w49962625_0,0,169,123.0745097,41.5583784
river_line,w49962625_0,0,170,123.0714198,41.5554239
river_line,w49962625_0,0,171,123.0660983,41.5532401
river_line,w49962625_0,0,172,123.0522473,41.5504299
river_line,w49962625_0,0,173,123.0492782,41.5502221
river_line,w49962625_0,0,174,123.0479693,41.5493308
river_line,w49962625_0,0,175,123.0461641,41.5480212
river_line,w49962625_0,0,176,123.0433345,41.5468417
river_line,w49962625_0,0,177,123.0370903,41.5445934
river_line,w49962625_0,0,178,123.0357357,41.5427376
river_line,w49962625_0,0,179,123.0322810,41.5338396
river_line,w49962625_0,0,180,123.0293198,41.5246030
river_line,w49962625_0,0,181,123.0278206,41.5213346
river_line,w49962625_0,0,182,123.0254145,41.5172610
river_line,w49962625_0,0,183,123.0216380,41.5116054
river_line,w49962625_0,0,184,123.0210166,41.5107958
river_line,w49962625_0,0,185,123.0197269,41.5107503
river_line,w49962625_0,0,186,123.0189169,41.5103112
river_line,w49962625_0,0,187,123.0177696,41.5092505
river_line,w49962625_0,0,188,123.0173448,41.5082847
river_line,w49962625_0,0,189,123.0172386,41.5073189
river_line,w49962625_0,0,190,123.0165709,41.5062622
river_line,w49962625_0,0,191,123.0153936,41.5052041
river_line,w49962625_0,0,192,123.0143405,41.5043078
river_line,w49962625_0,0,193,123.0122269,41.5035492
river_line,w49962625_0,0,194,123.0107142,41.5032965
river_line,w49962625_0,0,195,123.0088328,41.5031374
river_line,w49962625_0,0,196,123.0067086,41.5033078
river_line,w49962625_0,0,197,123.0044933,41.5037964
river_line,w49962625_0,0,198,123.0021331,41.5049945
river_line,w49962625_0,0,199,123.0004877,41.5063304
river_line,w49962625_0,0,200,122.9993220,41.5077489
river_line,w49962625_0,0,201,122.9980145,41.5103526
river_line,w49962625_0,0,202,122.9967552,41.5115456
river_line,w49962625_0,0,203,122.9957835,41.5126883
river_line,w49962625_0,0,204,122.9947068,41.5129431
river_line,w49962625_0,0,205,122.9927988,41.5126337
river_line,w49962625_0,0,206,122.9878207,41.5105770
river_line,w49962625_0,0,207,122.9807825,41.5089059
river_line,w49962625_0,0,208,122.9737444,41.5076204
river_line,w49962625_0,0,209,122.9656763,41.5078775
river_line,w49962625_0,0,210,122.9629889,41.5066849
road,w53557570_0,0,0,123.4888269,41.7597399
road,w53557570_0,0,1,123.4881145,41.7595201
road,w53557570_0,0,2,123.4875787,41.7593954
road,w53557570_0,0,3,123.4873963,41.7593530
road,w53557570_0,0,4,123.4868171,41.7592429
road,w53557570_0,0,5,123.4857983,41.7590551
road,w53557570_0,0,6,123.4833676,41.7586767
road,w53557570_0,0,7,123.4823316,41.7585778
road,w53557570_0,0,8,123.4814585,41.7585130
road,w53557570_0,0,9,123.4809528,41.7584755
road,w53557570_0,0,10,123.4789275,41.7583907
road,w53557570_0,0,11,123.4701348,41.7583071
road,w53557570_0,0,12,123.4693004,41.7582991
road,w53557570_0,0,13,123.4679515,41.7582847
road,w53557570_0,0,14,123.4665452,41.7582641
road,w53568776_0,0,0,123.4411186,41.7446815
road,w53568776_0,0,1,123.4422333,41.7437832
road,w53568776_0,0,2,123.4422645,41.7437588
park,w53571936_0,1,0,123.4332183,41.7383904
park,w53571936_0,1,1,123.4345151,41.7388249
park,w53571936_0,1,2,123.4347459,41.7389023
park,w53571936_0,1,3,123.4367377,41.7398496
park,w53571936_0,1,4,123.4373894,41.7402224
park,w53571936_0,1,5,123.4393043,41.7416202
park,w53571936_0,1,6,123.4419556,41.7435749
park,w53571936_0,1,7,123.4421201,41.7435874
park,w53571936_0,1,8,123.4404243,41.7448561
park,w53571936_0,1,9,123.4394878,41.7446640
park,w53571936_0,1,10,123.4386740,41.7442391
park,w53571936_0,1,11,123.4368348,41.7432057
park,w53571936_0,1,12,123.4363426,41.7423243
park,w53571936_0,1,13,123.4332527,41.7406592
park,w53571936_0,1,14,123.4303264,41.7398734
park,w53571936_0,1,15,123.4279209,41.7394409
park,w53571936_0,1,16,123.4266549,41.7392648
park,w53571936_0,1,17,123.4249812,41.7391367
park,w53571936_0,1,18,123.4231359,41.7390887
park,w53571936_0,1,19,123.4206975,41.7393470
park,w53571936_0,1,20,123.4194157,41.7395640
park,w53571936_0,1,21,123.4178922,41.7398366
park,w53571936_0,1,22,123.4152443,41.7403970
park,w53571936_0,1,23,123.4139223,41.7407446
park,w53571936_0,1,24,123.4126061,41.7412321
park,w53571936_0,1,25,123.4114619,41.7418335
park,w53571936_0,1,26,123.4105274,41.7425973
park,w53571936_0,1,27,123.4097423,41.7433409
park,w53571936_0,1,28,123.4080511,41.7454289
park,w53571936_0,1,29,123.4072572,41.7471259
park,w53571936_0,1,30,123.4069353,41.7478943
park,w53571936_0,1,31,123.4062670,41.7489493
park,w53571936_0,1,32,123.4050651,41.7506106
park,w53571936_0,1,33,123.4039718,41.7520922
park,w53571936_0,1,34,123.4030875,41.7529396
park,w53571936_0,1,35,123.4020709,41.7537038
park,w53571936_0,1,36,123.4011440,41.7542006
park,w53571936_0,1,37,123.3997213,41.7548201
park,w53571936_0,1,38,123.3977394,41.7554172
park,w53571936_0,1,39,123.3960445,41.7556613
park,w53571936_0,1,40,123.3948907,41.7557453
park,w53571936_0,1,41,123.3930893,41.7555959
park,w53571936_0,1,42,123.3922154,41.7554022
park,w53571936_0,1,43,123.3919364,41.7552581
park,w53571936_0,1,44,123.3910328,41.7551230
park,w53571936_0,1,45,123.3913367,41.7545502
park,w53571936_0,1,46,123.3914920,41.7543463
park,w53571936_0,1,47,123.3917012,41.7542610
park,w53571936_0,1,48,123.3919409,41.7542257
park,w53571936_0,1,49,123.3922991,41.7542867
park,w53571936_0,1,50,123.3927368,41.7543855
park,w53571936_0,1,51,123.3930842,41.7544003
park,w53571936_0,1,52,123.3934030,41.7543102
park,w53571936_0,1,53,123.3936610,41.7541654
park,w53571936_0,1,54,123.3939562,41.7540716
park,w53571936_0,1,55,123.3946543,41.7541328
park,w53571936_0,1,56,123.3956915,41.7542657
park,w53571936_0,1,57,123.3970004,41.7541856
park,w53571936_0,1,58,123.3974373,41.7541346
park,w53571936_0,1,59,123.3980218,41.7540253
park,w53571936_0,1,60,123.3990687,41.7537349
park,w53571936_0,1,61,123.4000374,41.7534093
park,w53571936_0,1,62,123.4009104,41.7530430
park,w53571936_0,1,63,123.4014659,41.7526383
park,w53571936_0,1,64,123.4020162,41.7521522
park,w53571936_0,1,65,123.4025081,41.7514473
park,w53571936_0,1,66,123.4031990,41.7503913
park,w53571936_0,1,67,123.4041159,41.7489909
park,w53571936_0,1,68,123.4046988,41.7480612
park,w53571936_0,1,69,123.4056274,41.7467584
park,w53571936_0,1,70,123.4073963,41.7441721
park,w53571936_0,1,71,123.4079864,41.7433027
park,w53571936_0,1,72,123.4082176,41.7429260
park,w53571936_0,1,73,123.4083574,41.7426173
park,w53571936_0,1,74,123.4089159,41.7417401
park,w53571936_0,1,75,123.4094293,41.7411395
park,w53571936_0,1,76,123.4111022,41.7398078
park,w53571936_0,1,77,123.4123288,41.7391709
park,w53571936_0,1,78,123.4138150,41.7386842
park,w53571936_0,1,79,123.4154715,41.7382625
park,w53571936_0,1,80,123.4162762,41.7380677
park,w53571936_0,1,81,123.4172788,41.7377729
park,w53571936_0,1,82,123.4188082,41.7375359
park,w53571936_0,1,83,123.4200747,41.7374267
park,w53571936_0,1,84,123.4209346,41.7376246
park,w53571936_0,1,85,123.4213421,41.7373688
park,w53571936_0,1,86,123.4241530,41.7373672
park,w53571936_0,1,87,123.4281822,41.7376372
park,w53571936_0,1,88,123.4298844,41.7377305
park,w53571936_0,1,89,123.4321192,41.7381053
park,w53571936_0,1,90,123.4327514,41.7382693
park,w53571936_0,1,91,123.4332183,41.7383904
road,w53571957_0,0,0,123.4662457,41.7551318
road,w53571957_0,0,1,123.4663263,41.7566517
road,w53571957_0,0,2,123.4663223,41.7575634
road,w53571957_0,0,3,123.4663269,41.7579077
road,w53571957_0,0,4,123.4663506,41.7584943
road,w53571962_0,0,0,123.4658135,41.7468524
road,w53571962_0,0,1,123.4661616,41.7536319
road,w53571962_0,0,2,123.4662457,41.7551318
footway,w53572273_0,0,0,123.4581983,41.7561703
footway,w53572273_0,0,1,123.4603981,41.7548802
footway,w53572273_0,0,2,123.4605571,41.7547787
footway,w53572273_0,0,3,123.4607022,41.7546861
footway,w53572273_0,0,4,123.4609579,41.7545229
footway,w53572273_0,0,5,123.4628954,41.7541132
footway,w53572273_0,0,6,123.4643039,41.7537898
footway,w53572273_0,0,7,123.4649428,41.7534418
footway,w53572273_0,0,8,123.4652545,41.7532720
footway,w53572273_0,0,9,123.4665014,41.7531145
footway,w53572273_0,0,10,123.4684111,41.7530905
footway,w53572273_0,0,11,123.4702994,41.7531225
footway,w53572273_0,0,12,123.4712253,41.7531933
footway,w53572273_0,0,13,123.4733356,41.7533546
footway,w53572273_0,0,14,123.4773504,41.7540081
footway,w53572273_0,0,15,123.4848906,41.7552355
footway,w53572273_0,0,16,123.4900197,41.7561819
road,w53572278_0,0,0,123.4360792,41.7625660
road,w53572278_0,0,1,123.4363697,41.7625576
road,w53572278_0,0,2,123.4380663,41.7624018
road,w53572278_0,0,3,123.4390680,41.7623098
road,w53572278_0,0,4,123.4401379,41.7622121
road,w53572278_0,0,5,123.4433587,41.7619179
road,w53572278_0,0,6,123.4434797,41.7619068
road,w53572278_0,0,7,123.4466094,41.7618195
road,w53572278_0,0,8,123.4496327,41.7617352
road,w53572278_0,0,9,123.4536863,41.7616222
road,w53572278_0,0,10,123.4590264,41.7614740
road,w53572278_0,0,11,123.4663127,41.7612431
road,w53572278_0,0,12,123.4664507,41.7612357
road,w53572278_0,0,13,123.4689317,41.7611852
road,w53572278_0,0,14,123.4718140,41.7611266
road,w53572278_0,0,15,123.4758883,41.7610109
road,w53572278_0,0,16,123.4789576,41.7609238
road,w53572278_0,0,17,123.4819711,41.7608551
road,w53572278_0,0,18,123.4846043,41.7607877
road,w53572278_0,0,19,123.4881774,41.7607430
road,w53572278_0,0,20,123.4883570,41.7607210
road,w53572278_0,0,21,123.4884039,41.7607023
road,w53572278_0,0,22,123.4884922,41.7606720
footway,w53572373_0,1,0,123.4573475,41.7566339
footway,w53572373_0,1,1,123.4574783,41.7567294
footway,w53572373_0,1,2,123.4575728,41.7567620
footway,w53572373_0,1,3,123.4576370,41.7567841
footway,w53572373_0,1,4,123.4578904,41.7567886
footway,w53572373_0,1,5,123.4580594,41.7567361
footway,w53572373_0,1,6,123.4581334,41.7566935
footway,w53572373_0,1,7,123.4582441,41.7565848
footway,w53572373_0,1,8,123.4582997,41.7564456
footway,w53572373_0,1,9,123.4582867,41.7563095
footway,w53572373_0,1,10,123.4581983,41.7561703
footway,w53572373_0,1,11,123.4580652,41.7560767
footway,w53572373_0,1,12,123.4579151,41.7560260
footway,w53572373_0,1,13,123.4577827,41.7560168
footway,w53572373_0,1,14,123.4577330,41.7560133
footway,w53572373_0,1,15,123.4574922,41.7560737
footway,w53572373_0,1,16,123.4573574,41.7561660
footway,w53572373_0,1,17,123.4573362,41.7561946
footway,w53572373_0,1,18,123.4572821,41.7562676
footway,w53572373_0,1,19,123.4572705,41.7563441
footway,w53572373_0,1,20,123.4572534,41.7564566
footway,w53572373_0,1,21,123.4572748,41.7564968
footway,w53572373_0,1,22,123.4573475,41.7566339
footway,w53572390_0,0,0,123.4572705,41.7563441
footway,w53572390_0,0,1,123.4571458,41.7563276
footway,w53572390_0,0,2,123.4568024,41.7562821
footway,w53572390_0,0,3,123.4564502,41.7562354
footway,w53572390_0,0,4,123.4558814,41.7561600
footway,w53572390_0,0,5,123.4555176,41.7561118
footway,w53572390_0,0,6,123.4553974,41.7560959
footway,w53572390_0,0,7,123.4553140,41.7560848
footway,w53572390_0,0,8,123.4542107,41.7559386
footway,w53572390_0,0,9,123.4536160,41.7558598
footway,w53572390_0,0,10,123.4528799,41.7558077
footway,w53572390_0,0,11,123.4514647,41.7557109
footway,w53572390_0,0,12,123.4505486,41.7557454
footway,w53572390_0,0,13,123.4499257,41.7557519
footway,w53572390_0,0,14,123.4497964,41.7557514
footway,w53572390_0,0,15,123.4492894,41.7557584
footway,w53572390_0,0,16,123.4487916,41.7557650
footway,w53572390_0,0,17,123.4486443,41.7557657
footway,w53572390_0,0,18,123.4477307,41.7557456
footway,w53572390_0,0,19,123.4469738,41.7556282
footway,w53572390_0,0,20,123.4459127,41.7554196
footway,w53572390_0,0,21,123.4445875,41.7550241
footway,w53572390_0,0,22,123.4438206,41.7547953
footway,w53572390_0,0,23,123.4435762,41.7546086
footway,w53572390_0,0,24,123.4433761,41.7543997
footway,w53572390_0,0,25,123.4428376,41.7537129
footway,w53572390_0,0,26,123.4421784,41.7528453
footway,w53572390_0,0,27,123.4418503,41.7524355
footway,w53572390_0,0,28,123.4417796,41.7523473
footway,w53572390_0,0,29,123.4403466,41.7514431
footway,w53572390_0,0,30,123.4401458,41.7513164
footway,w53572390_0,0,31,123.4397531,41.7510960
footway,w53572390_0,0,32,123.4395083,41.7509586
footway,w53572390_0,0,33,123.4392119,41.7506672
footway,w53572390_0,0,34,123.4389944,41.7505117
footway,w53572390_0,0,35,123.4387428,41.7503319
footway,w53572390_0,0,36,123.4382523,41.7500970
footway,w53572390_0,0,37,123.4379349,41.7499746
road,w53656651_0,0,0,123.4660990,41.7581318
road,w53656651_0,0,1,123.4665197,41.7581367
road,w53656652_0,0,0,123.4665197,41.7581367
road,w53656652_0,0,1,123.4684597,41.7581680
road,w53656652_0,0,2,123.4691157,41.7581786
road,w53656652_0,0,3,123.4703910,41.7581980
road,w53656652_0,0,4,123.4789585,41.7582714
road,w53656652_0,0,5,123.4808698,41.7583457
road,w53656652_0,0,6,123.4823828,41.7584502
road,w53656652_0,0,7,123.4835925,41.7585802
road,w53656652_0,0,8,123.4850112,41.7588052
road,w53656652_0,0,9,123.4857614,41.7589241
road,w53656652_0,0,10,123.4862654,41.7590103
road,w53656652_0,0,11,123.4873584,41.7592045
road,w53656652_0,0,12,123.4879514,41.7593472
road,w53656652_0,0,13,123.4879884,41.7593561
road,w53656652_0,0,14,123.4888617,41.7595963
road,w53656653_0,0,0,123.4665452,41.7582641
road,w53656653_0,0,1,123.4660936,41.7582527
road,w53656654_0,0,0,123.4660936,41.7582527
road,w53656654_0,0,1,123.4647073,41.7582398
road,w53656654_0,0,2,123.4624023,41.7582183
road,w53656654_0,0,3,123.4591274,41.7581967
road,w53656654_0,0,4,123.4580304,41.7581904
road,w53656654_0,0,5,123.4569985,41.7581353
road,w53656654_0,0,6,123.4559177,41.7580438
road,w53656654_0,0,7,123.4543416,41.7578840
road,w53656654_0,0,8,123.4539939,41.7578572
road,w53656654_0,0,9,123.4539286,41.7578489
road,w53698188_0,0,0,123.4438244,41.7442465
road,w53698188_0,0,1,123.4456837,41.7427871
road,w53698188_0,0,2,123.4457198,41.7427587
road,w53698188_0,0,3,123.4468181,41.7419313
water,w86478944_0,1,0,123.4494234,41.7531698
water,w86478944_0,1,1,123.4488655,41.7530097
water,w86478944_0,1,2,123.4483076,41.7527856
water,w86478944_0,1,3,123.4482218,41.7522413
water,w86478944_0,1,4,123.4483506,41.7519532
water,w86478944_0,1,5,123.4487368,41.7516010
water,w86478944_0,1,6,123.4497239,41.7516010
water,w86478944_0,1,7,123.4512259,41.7519212
water,w86478944_0,1,8,123.4525134,41.7519852
water,w86478944_0,1,9,123.4544875,41.7517931
water,w86478944_0,1,10,123.4559466,41.7515690
water,w86478944_0,1,11,123.4568049,41.7515690
water,w86478944_0,1,12,123.4572340,41.7519532
water,w86478944_0,1,13,123.4573199,41.7525295
water,w86478944_0,1,14,123.4566761,41.7528817
water,w86478944_0,1,15,123.4564186,41.7528817
water,w86478944_0,1,16,123.4562899,41.7526896
water,w86478944_0,1,17,123.4559466,41.7527216
water,w86478944_0,1,18,123.4559037,41.7529137
water,w86478944_0,1,19,123.4533287,41.7533299
water,w86478944_0,1,20,123.4519125,41.7533619
water,w86478944_0,1,21,123.4504963,41.7532979
water,w86478944_0,1,22,123.4501530,41.7532018
water,w86478944_0,1,23,123.4494234,41.7531698
road,w90024588_0,0,0,123.4591083,41.7221217
road,w90024588_0,0,1,123.4585753,41.7229281
road,w90024588_0,0,2,123.4566864,41.7259831
road,w90024588_0,0,3,123.4564534,41.7265051
road,w90024588_0,0,4,123.4563355,41.7272816
road,w90024588_0,0,5,123.4562919,41.7280152
road,w90024588_0,0,6,123.4565399,41.7298723
road,w90024588_0,0,7,123.4564268,41.7306015
road,w90024588_0,0,8,123.4557560,41.7335620
road,w90024588_0,0,9,123.4556685,41.7338653
road,w90024588_0,0,10,123.4550258,41.7351882
road,w90024588_0,0,11,123.4548019,41.7356551
road,w90024588_0,0,12,123.4547805,41.7356997
road,w90024588_0,0,13,123.4547445,41.7358087
road,w90024588_0,0,14,123.4546936,41.7359627
road,w90024588_0,0,15,123.4546667,41.7360440
road,w90024588_0,0,16,123.4546611,41.7361134
road,w90024588_0,0,17,123.4546366,41.7364130
road,w90024588_0,0,18,123.4546255,41.7365478
road,w90024588_0,0,19,123.4545248,41.7390299
road,w90024588_0,0,20,123.4544115,41.7413066
road,w90024588_0,0,21,123.4543591,41.7429664
road,w90024588_0,0,22,123.4543985,41.7430227
road,w90024588_0,0,23,123.4543925,41.7430662
road,w90024588_0,0,24,123.4543799,41.7431484
road,w90024588_0,0,25,123.4543088,41.7446733
road,w90024588_0,0,26,123.4542493,41.7455953
road,w90024588_0,0,27,123.4542454,41.7456557
road,w90024588_0,0,28,123.4541543,41.7460964
road,w90024588_0,0,29,123.4540202,41.7464810
road,w90024588_0,0,30,123.4539366,41.7466087
road,w90024588_0,0,31,123.4538229,41.7467764
road,w90024588_0,0,32,123.4536931,41.7469685
road,w90024588_0,0,33,123.4534238,41.7472280
road,w90024588_0,0,34,123.4530819,41.7475144
road,w90024588_0,0,35,123.4529662,41.7475925
road,w90024591_0,0,0,123.4379669,41.7540507
road,w90024591_0,0,1,123.4526098,41.7476358
road,w90024591_0,0,2,123.4528459,41.7474958
road,w90024595_0,0,0,123.4529662,41.7475925
road,w90024595_0,0,1,123.4525777,41.7478119
road,w90024595_0,0,2,123.4380908,41.7541764
road,w125879898_0,0,0,123.4755913,41.7482827
road,w125879898_0,0,1,123.4755900,41.7482146
road,w125879898_0,0,2,123.4755702,41.7429658
road,w125879898_0,0,3,123.4755491,41.7383975
road,w125879898_0,0,4,123.4755836,41.7382603
road,w125879898_0,0,5,123.4755954,41.7382136
road,w125879898_0,0,6,123.4756549,41.7380157
road,w125879898_0,0,7,123.4769403,41.7342135
road,w125879900_0,0,0,123.4606422,41.7482987
road,w125879900_0,0,1,123.4606455,41.7482002
road,w125879900_0,0,2,123.4606432,41.7465116
road,w125879900_0,0,3,123.4606347,41.7448389
road,w125879900_0,0,4,123.4606421,41.7431380
footway,w128860310_0,0,0,123.4464806,41.7459462
footway,w128860310_0,0,1,123.4464177,41.7460207
footway,w128860310_0,0,2,123.4463337,41.7461063
footway,w128860310_0,0,3,123.4462382,41.7462037
footway,w128860310_0,0,4,123.4460880,41.7464439
road,w136823642_0,0,0,123.4528459,41.7474958
road,w136823642_0,0,1,123.4531087,41.7473117
road,w136823642_0,0,2,123.4535057,41.7469595
road,w136823642_0,0,3,123.4536774,41.7467833
road,w136823642_0,0,4,123.4538758,41.7464712
road,w136823642_0,0,5,123.4540153,41.7461310
road,w136823642_0,0,6,123.4540690,41.7458428
road,w136823642_0,0,7,123.4540797,41.7456889
road,w136823642_0,0,8,123.4541507,41.7446640
road,w136823642_0,0,9,123.4541884,41.7431403
road,w136823642_0,0,10,123.4542047,41.7430565
road,w136823642_0,0,11,123.4542142,41.7430131
road,w136823642_0,0,12,123.4542094,41.7429630
road,w136823642_0,0,13,123.4542242,41.7413467
road,w136823642_0,0,14,123.4542347,41.7412851
road,w136823642_0,0,15,123.4542529,41.7412609
road,w136823642_0,0,16,123.4542250,41.7412134
road,w136823642_0,0,17,123.4542262,41.7411700
road,w136823642_0,0,18,123.4542287,41.7410767
road,w136823642_0,0,19,123.4542942,41.7390298
road,w136823642_0,0,20,123.4543818,41.7370404
road,w136823642_0,0,21,123.4544078,41.7364417
road,w136823642_0,0,22,123.4544385,41.7362214
road,w136823642_0,0,23,123.4544470,41.7360960
road,w136823642_0,0,24,123.4544517,41.7360265
road,w136823642_0,0,25,123.4544641,41.7359363
road,w136823642_0,0,26,123.4544842,41.7357895
road,w136823642_0,0,27,123.4544985,41.7356849
road,w136823642_0,0,28,123.4545205,41.7356336
road,w136823642_0,0,29,123.4546571,41.7353144
road,w136823642_0,0,30,123.4553970,41.7337914
road,w136823642_0,0,31,123.4554904,41.7335316
road,w136823642_0,0,32,123.4560737,41.7306711
road,w136823642_0,0,33,123.4561818,41.7297541
road,w136823642_0,0,34,123.4560931,41.7280148
road,w136823642_0,0,35,123.4561373,41.7272699
road,w136823642_0,0,36,123.4562583,41.7264730
road,w136823642_0,0,37,123.4565005,41.7259305
road,w136823642_0,0,38,123.4582785,41.7230227
road,w136823642_0,0,39,123.4588893,41.7220465
road,w139085770_0,0,0,123.4427787,41.7596453
road,w139085770_0,0,1,123.4426229,41.7595297
road,w139085770_0,0,2,123.4417095,41.7588519
road,w139085770_0,0,3,123.4410226,41.7583111
road,w139085770_0,0,4,123.4402584,41.7577094
road,w139085770_0,0,5,123.4395557,41.7571912
road,w139085770_0,0,6,123.4391239,41.7568231
road,w139085770_0,0,7,123.4388613,41.7565714
road,w139085770_0,0,8,123.4385955,41.7563168
road,w139085770_0,0,9,123.4377023,41.7553844
road,w139085770_0,0,10,123.4372004,41.7547892
road,w139085771_0,0,0,123.4424904,41.7547858
road,w139085771_0,0,1,123.4422153,41.7552702
road,w139085771_0,0,2,123.4421510,41.7556359
road,w139085771_0,0,3,123.4421913,41.7571420
road,w139085771_0,0,4,123.4422243,41.7575768
road,w139085771_0,0,5,123.4422645,41.7577664
road,w139085771_0,0,6,123.4423674,41.7581752
road,w139085771_0,0,7,123.4424649,41.7585867
road,w139085771_0,0,8,123.4425316,41.7588004
road,w139085771_0,0,9,123.4427077,41.7594024
road,w139085771_0,0,10,123.4427787,41.7596453
road,w139085771_0,0,11,123.4428065,41.7597603
road,w139085771_0,0,12,123.4431465,41.7607430
road,w139085771_0,0,13,123.4432142,41.7609387
road,w139085771_0,0,14,123.4434797,41.7619068
road,w139085771_0,0,15,123.4435146,41.7619951
road,w139085771_0,0,16,123.4438955,41.7629574
road,w139085771_0,0,17,123.4441191,41.7634012
road,w139085771_0,0,18,123.4442308,41.7636457
road,w139085771_0,0,19,123.4445108,41.7641571
road,w139085771_0,0,20,123.4445477,41.7642246
road,w139085771_0,0,21,123.4450910,41.7649882
road,w139085771_0,0,22,123.4452742,41.7652562
road,w139085771_0,0,23,123.4458428,41.7661844
road,w139085771_0,0,24,123.4464302,41.7671347
road,w139085771_0,0,25,123.4470517,41.7681196
road,w139085771_0,0,26,123.4470937,41.7683726
road,w139085771_0,0,27,123.4471004,41.7684369
road,w139085771_0,0,28,123.4471072,41.7685230
road,w139085771_0,0,29,123.4471069,41.7685809
road,w189210273_0,0,0,123.4659778,41.7679255
road,w189210273_0,0,1,123.4658943,41.7666827
road,w189210273_0,0,2,123.4658849,41.7665415
road,w189210273_0,0,3,123.4658439,41.7650613
road,w189210273_0,0,4,123.4659586,41.7633397
road,w189210273_0,0,5,123.4662967,41.7613329
road,w189210273_0,0,6,123.4663127,41.7612431
road,w189210281_0,0,0,123.4660717,41.7551706
road,w189210281_0,0,1,123.4659862,41.7536317
road,w189210281_0,0,2,123.4656614,41.7468752
road,w189210284_0,0,0,123.4709997,41.7578135
road,w189210284_0,0,1,123.4712029,41.7578123
road,w189210284_0,0,2,123.4773415,41.7578537
road,w189210284_0,0,3,123.4775729,41.7578696
road,w189210284_0,0,4,123.4804818,41.7578861
road,w189210284_0,0,5,123.4813059,41.7579564
road,w189210284_0,0,6,123.4843704,41.7583168
road,w189210284_0,0,7,123.4856490,41.7585186
road,w189210284_0,0,8,123.4864669,41.7585593
road,w189210284_0,0,9,123.4878580,41.7585753
road,w189210284_0,0,10,123.4891486,41.7587796
road,w189210287_0,0,0,123.4662513,41.7585113
road,w189210287_0,0,1,123.4662021,41.7578259
road,w189210287_0,0,2,123.4661985,41.7576017
road,w189210287_0,0,3,123.4661626,41.7566933
road,w189210287_0,0,4,123.4660717,41.7551706
road,w206970253_0,0,0,123.4186835,41.7559326
road,w206970253_0,0,1,123.4191339,41.7554436
road,w206970253_0,0,2,123.4200386,41.7543500
road,w206970253_0,0,3,123.4204016,41.7539556
road,w206970253_0,0,4,123.4207022,41.7536166
road,w206970253_0,0,5,123.4209877,41.7533288
road,w206970253_0,0,6,123.4212278,41.7531216
road,w206970253_0,0,7,123.4215167,41.7528925
road,w206970253_0,0,8,123.4217618,41.7527211
road,w206970253_0,0,9,123.4220486,41.7525326
road,w206970253_0,0,10,123.4229549,41.7520579
road,w206970253_0,0,11,123.4240315,41.7515949
road,w206970253_0,0,12,123.4243009,41.7515011
road,w206970253_0,0,13,123.4245905,41.7514123
road,w206970253_0,0,14,123.4248986,41.7513196
road,w206970253_0,0,15,123.4252052,41.7512549
road,w206970253_0,0,16,123.4265437,41.7509958
road,w206970253_0,0,17,123.4269852,41.7509299
road,w206970253_0,0,18,123.4284296,41.7508089
road,w206970253_0,0,19,123.4291079,41.7507869
road,w206970253_0,0,20,123.4295550,41.7507916
road,w206970253_0,0,21,123.4301495,41.7508238
road,w206970253_0,0,22,123.4305797,41.7508648
road,w206970253_0,0,23,123.4311078,41.7509664
road,w206970253_0,0,24,123.4323693,41.7512527
road,w206970253_0,0,25,123.4343528,41.7518911
road,w206970253_0,0,26,123.4358457,41.7523888
road,w206970253_0,0,27,123.4381648,41.7532473
road,w206970253_0,0,28,123.4391497,41.7536291
road,w206970253_0,0,29,123.4415086,41.7547520
footway,w229775783_0,0,0,123.4484507,41.7475887
footway,w229775783_0,0,1,123.4484171,41.7478010
footway,w229775783_0,0,2,123.4482883,41.7480611
footway,w229775783_0,0,3,123.4481489,41.7481492
footway,w229775783_0,0,4,123.4482669,41.7483493
footway,w229775783_0,0,5,123.4483152,41.7485454
footway,w229775783_0,0,6,123.4483152,41.7486975
footway,w229775783_0,0,7,123.4484225,41.7487135
footway,w229775783_0,0,8,123.4498708,41.7490016
footway,w229775783_0,0,9,123.4503858,41.7491697
footway,w229775783_0,0,10,123.4512334,41.7493378
footway,w229775783_0,0,11,123.4521936,41.7494819
footway,w229775783_0,0,12,123.4533202,41.7497140
footway,w229775783_0,0,13,123.4536903,41.7498581
footway,w229775783_0,0,14,123.4538459,41.7498941
footway,w229775783_0,0,15,123.4538888,41.7498261
footway,w229775783_0,0,16,123.4539049,41.7497541
footway,w229775783_0,0,17,123.4539693,41.7496780
footway,w229775783_0,0,18,123.4538620,41.7494859
footway,w229775783_0,0,19,123.4539585,41.7494499
footway,w229775783_0,0,20,123.4541141,41.7495659
footway,w229775783_0,0,21,123.4544252,41.7494219
footway,w229775783_0,0,22,123.4549939,41.7493458
footway,w229775783_0,0,23,123.4557234,41.7493538
footway,w229775783_0,0,24,123.4564101,41.7494739
footway,w229775783_0,0,25,123.4564047,41.7496380
footway,w229775783_0,0,26,123.4565066,41.7497020
footway,w229775783_0,0,27,123.4566944,41.7496580
footway,w229775783_0,0,28,123.4570216,41.7496340
footway,w229775783_0,0,29,123.4572737,41.7496140
footway,w229775783_0,0,30,123.4580891,41.7496180
footway,w229775786_0,0,0,123.4564047,41.7496380
footway,w229775786_0,0,1,123.4560667,41.7497701
footway,w229775787_0,0,0,123.4580891,41.7496180
footway,w229775787_0,0,1,123.4581106,41.7495299
footway,w229775787_0,0,2,123.4584646,41.7493538
footway,w229775787_0,0,3,123.4585827,41.7493538
footway,w229775787_0,0,4,123.4590923,41.7492258
footway,w229775787_0,0,5,123.4592371,41.7492178
footway,w229775787_0,0,6,123.4594356,41.7492658
footway,w229775787_0,0,7,123.4599828,41.7493818
footway,w229775787_0,0,8,123.4603583,41.7494619
footway,w229775787_0,0,9,123.4614204,41.7493738
footway,w229775787_0,0,10,123.4616136,41.7493378
footway,w229775787_0,0,11,123.4619193,41.7493418
footway,w229775787_0,0,12,123.4621929,41.7492658
footway,w229775787_0,0,13,123.4624236,41.7492258
footway,w229775787_0,0,14,123.4630137,41.7492978
footway,w229775787_0,0,15,123.4631049,41.7492498
footway,w229775787_0,0,16,123.4643601,41.7491537
footway,w229775787_0,0,17,123.4652453,41.7490176
footway,w229775787_0,0,18,123.4653096,41.7489936
footway,w229775787_0,0,19,123.4658407,41.7489776
footway,w229775787_0,0,20,123.4660446,41.7490537
footway,w229775787_0,0,21,123.4662377,41.7490617
footway,w229775787_0,0,22,123.4667580,41.7490737
footway,w229775787_0,0,23,123.4674769,41.7491617
footway,w229775787_0,0,24,123.4677558,41.7491697
footway,w229775787_0,0,25,123.4681850,41.7491377
footway,w229775787_0,0,26,123.4687000,41.7489736
footway,w229775787_0,0,27,123.4693437,41.7489896
footway,w229775787_0,0,28,123.4697889,41.7490937
footway,w229775787_0,0,29,123.4699445,41.7490857
footway,w229775787_0,0,30,123.4704809,41.7488896
footway,w229775787_0,0,31,123.4709047,41.7489256
footway,w229775787_0,0,32,123.4712320,41.7490337
footway,w229775787_0,0,33,123.4714197,41.7490216
footway,w229775787_0,0,34,123.4716557,41.7489656
footway,w229775787_0,0,35,123.4720366,41.7489416
footway,w229775787_0,0,36,123.4728413,41.7489456
footway,w229775787_0,0,37,123.4732865,41.7489016
footway,w229775787_0,0,38,123.4738176,41.7487735
footway,w229775787_0,0,39,123.4743916,41.7487495
footway,w229775787_0,0,40,123.4759580,41.7487775
footway,w229775787_0,0,41,123.4761726,41.7488095
footway,w229775787_0,0,42,123.4781467,41.7492458
footway,w229775787_0,0,43,123.4784417,41.7493098
footway,w229775787_0,0,44,123.4787314,41.7493178
footway,w229775787_0,0,45,123.4792518,41.7492057
footway,w229775787_0,0,46,123.4795093,41.7491017
footway,w229775787_0,0,47,123.4800350,41.7490216
footway,w229775787_0,0,48,123.4807162,41.7489696
footway,w229775787_0,0,49,123.4811830,41.7490617
footway,w229775787_0,0,50,123.4814565,41.7491697
footway,w229775787_0,0,51,123.4823041,41.7492258
footway,w229775787_0,0,52,123.4832590,41.7493818
footway,w229775787_0,0,53,123.4840154,41.7493658
footway,w229775787_0,0,54,123.4850936,41.7493018
footway,w229775787_0,0,55,123.4854906,41.7493298
footway,w229775787_0,0,56,123.4860753,41.7495059
footway,w229775787_0,0,57,123.4864723,41.7495059
footway,w229775787_0,0,58,123.4869175,41.7495980
footway,w229775787_0,0,59,123.4874754,41.7496500
footway,w229775787_0,0,60,123.4876042,41.7496900
footway,w229775787_0,0,61,123.4878026,41.7497981
footway,w229775787_0,0,62,123.4883015,41.7501543
footway,w229775787_0,0,63,123.4885000,41.7503304
footway,w229775787_0,0,64,123.4889023,41.7505625
footway,w229775787_0,0,65,123.4892779,41.7506585
footway,w229775787_0,0,66,123.4895514,41.7506785
footway,w229775787_0,0,67,123.4902971,41.7506345
footway,w229775787_0,0,68,123.4904849,41.7506225
footway,w229775787_0,0,69,123.4918705,41.7507198
park,w229775789_0,1,0,123.5065219,41.7544009
park,w229775789_0,1,1,123.4968767,41.7511273
park,w229775789_0,1,2,123.4932933,41.7498466
park,w229775789_0,1,3,123.4923169,41.7495905
park,w229775789_0,1,4,123.4890125,41.7488781
park,w229775789_0,1,5,123.4875855,41.7486619
park,w229775789_0,1,6,123.4860191,41.7485339
park,w229775789_0,1,7,123.4846565,41.7484538
park,w229775789_0,1,8,123.4843776,41.7484778
park,w229775789_0,1,9,123.4841416,41.7484378
park,w229775789_0,1,10,123.4813842,41.7484378
park,w229775789_0,1,11,123.4811482,41.7484538
park,w229775789_0,1,12,123.4809444,41.7484298
park,w229775789_0,1,13,123.4707627,41.7484218
park,w229775789_0,1,14,123.4706554,41.7484458
park,w229775789_0,1,15,123.4704730,41.7484538
park,w229775789_0,1,16,123.4703550,41.7484378
park,w229775789_0,1,17,123.4647553,41.7483772
park,w229775789_0,1,18,123.4645319,41.7481937
park,w229775789_0,1,19,123.4612186,41.7481719
park,w229775789_0,1,20,123.4610839,41.7482304
park,w229775789_0,1,21,123.4609333,41.7483126
park,w229775789_0,1,22,123.4604053,41.7483301
park,w229775789_0,1,23,123.4602528,41.7482998
park,w229775789_0,1,24,123.4601735,41.7482270
park,w229775789_0,1,25,123.4588940,41.7482105
park,w229775789_0,1,26,123.4587797,41.7482476
park,w229775789_0,1,27,123.4587305,41.7482908
park,w229775789_0,1,28,123.4586769,41.7483407
park,w229775789_0,1,29,123.4585444,41.7483417
park,w229775789_0,1,30,123.4585067,41.7484396
park,w229775789_0,1,31,123.4575162,41.7484397
park,w229775789_0,1,32,123.4569561,41.7484363
park,w229775789_0,1,33,123.4568219,41.7483108
park,w229775789_0,1,34,123.4567447,41.7481670
park,w229775789_0,1,35,123.4543093,41.7481688
park,w229775789_0,1,36,123.4539148,41.7481402
park,w229775789_0,1,37,123.4532438,41.7480678
park,w229775789_0,1,38,123.4530122,41.7482115
park,w229775789_0,1,39,123.4529196,41.7481932
park,w229775789_0,1,40,123.4528799,41.7482944
park,w229775789_0,1,41,123.4523413,41.7481977
park,w229775789_0,1,42,123.4510946,41.7479374
park,w229775789_0,1,43,123.4509551,41.7475659
park,w229775789_0,1,44,123.4488950,41.7469202
park,w229775789_0,1,45,123.4470477,41.7461562
park,w229775789_0,1,46,123.4469380,41.7461735
park,w229775789_0,1,47,123.4467713,41.7462393
park,w229775789_0,1,48,123.4466535,41.7463224
park,w229775789_0,1,49,123.4457109,41.7458123
park,w229775789_0,1,50,123.4448633,41.7452279
park,w229775789_0,1,51,123.4428061,41.7438425
park,w229775789_0,1,52,123.4410994,41.7451627
park,w229775789_0,1,53,123.4421167,41.7456282
park,w229775789_0,1,54,123.4431467,41.7459884
park,w229775789_0,1,55,123.4439728,41.7463806
park,w229775789_0,1,56,123.4451101,41.7467809
park,w229775789_0,1,57,123.4456358,41.7473012
park,w229775789_0,1,58,123.4458478,41.7477171
park,w229775789_0,1,59,123.4462366,41.7476133
park,w229775789_0,1,60,123.4463975,41.7474613
park,w229775789_0,1,61,123.4471807,41.7476053
park,w229775789_0,1,62,123.4472880,41.7475413
park,w229775789_0,1,63,123.4477815,41.7478055
park,w229775789_0,1,64,123.4475977,41.7485648
park,w229775789_0,1,65,123.4498522,41.7490141
park,w229775789_0,1,66,123.4516654,41.7493743
park,w229775789_0,1,67,123.4523710,41.7494561
park,w229775789_0,1,68,123.4532861,41.7496606
park,w229775789_0,1,69,123.4534052,41.7497639
park,w229775789_0,1,70,123.4534975,41.7499001
park,w229775789_0,1,71,123.4537110,41.7499564
park,w229775789_0,1,72,123.4539038,41.7499249
park,w229775789_0,1,73,123.4539843,41.7497264
park,w229775789_0,1,74,123.4540285,41.7496286
park,w229775789_0,1,75,123.4544231,41.7494573
park,w229775789_0,1,76,123.4550097,41.7493820
park,w229775789_0,1,77,123.4556341,41.7493905
park,w229775789_0,1,78,123.4562161,41.7494831
park,w229775789_0,1,79,123.4562357,41.7495772
park,w229775789_0,1,80,123.4561311,41.7496352
park,w229775789_0,1,81,123.4559967,41.7496994
park,w229775789_0,1,82,123.4559477,41.7497813
park,w229775789_0,1,83,123.4560783,41.7498435
park,w229775789_0,1,84,123.4566845,41.7497368
park,w229775789_0,1,85,123.4572766,41.7495905
park,w229775789_0,1,86,123.4579203,41.7495744
park,w229775789_0,1,87,123.4586713,41.7495264
park,w229775789_0,1,88,123.4594116,41.7495584
park,w229775789_0,1,89,123.4603986,41.7495504
park,w229775789_0,1,90,123.4611497,41.7494464
park,w229775789_0,1,91,123.4619114,41.7494784
park,w229775789_0,1,92,123.4643576,41.7494224
park,w229775789_0,1,93,123.4651193,41.7493183
park,w229775789_0,1,94,123.4671793,41.7495104
park,w229775789_0,1,95,123.4692928,41.7495985
park,w229775789_0,1,96,123.4703335,41.7495985
park,w229775789_0,1,97,123.4704408,41.7496945
park,w229775789_0,1,98,123.4705159,41.7497505
park,w229775789_0,1,99,123.4706125,41.7497505
park,w229775789_0,1,100,123.4706983,41.7497345
park,w229775789_0,1,101,123.4708378,41.7496305
park,w229775789_0,1,102,123.4712133,41.7495985
park,w229775789_0,1,103,123.4734556,41.7496705
park,w229775789_0,1,104,123.4762022,41.7494144
park,w229775789_0,1,105,123.4768781,41.7494064
park,w229775789_0,1,106,123.4776184,41.7494944
park,w229775789_0,1,107,123.4784231,41.7496945
park,w229775789_0,1,108,123.4790024,41.7499266
park,w229775789_0,1,109,123.4793582,41.7501245
park,w229775789_0,1,110,123.4803308,41.7502811
park,w229775789_0,1,111,123.4827341,41.7506332
park,w229775789_0,1,112,123.4850040,41.7507156
park,w229775789_0,1,113,123.4889308,41.7515720
park,w229775789_0,1,114,123.4897676,41.7517241
park,w229775789_0,1,115,123.4904944,41.7517474
park,w229775789_0,1,116,123.4906234,41.7518369
park,w229775789_0,1,117,123.4907802,41.7518934
park,w229775789_0,1,118,123.4909717,41.7519193
park,w229775789_0,1,119,123.4912049,41.7519339
park,w229775789_0,1,120,123.4915379,41.7521243
park,w229775789_0,1,121,123.4918234,41.7521838
park,w229775789_0,1,122,123.4923491,41.7522318
park,w229775789_0,1,123,123.4933913,41.7523917
park,w229775789_0,1,124,123.4951198,41.7526868
park,w229775789_0,1,125,123.4966213,41.7529251
park,w229775789_0,1,126,123.4982042,41.7531870
park,w229775789_0,1,127,123.4985694,41.7532585
park,w229775789_0,1,128,123.4995256,41.7534685
park,w229775789_0,1,129,123.5000488,41.7536199
park,w229775789_0,1,130,123.5017736,41.7541929
park,w229775789_0,1,131,123.5032148,41.7547494
park,w229775789_0,1,132,123.5038434,41.7550347
park,w229775789_0,1,133,123.5050638,41.7556209
park,w229775789_0,1,134,123.5054041,41.7558668
park,w229775789_0,1,135,123.5054768,41.7558964
park,w229775789_0,1,136,123.5061022,41.7560889
park,w229775789_0,1,137,123.5063973,41.7561583
park,w229775789_0,1,138,123.5064337,41.7561638
park,w229775789_0,1,139,123.5064672,41.7561631
park,w229775789_0,1,140,123.5071643,41.7560851
park,w229775789_0,1,141,123.5072258,41.7560736
park,w229775789_0,1,142,123.5073006,41.7560528
park,w229775789_0,1,143,123.5074494,41.7560113
park,w229775789_0,1,144,123.5075456,41.7559697
park,w229775789_0,1,145,123.5076303,41.7559169
park,w229775789_0,1,146,123.5076784,41.7558818
park,w229775789_0,1,147,123.5077164,41.7558420
park,w229775789_0,1,148,123.5077309,41.7557644
park,w229775789_0,1,149,123.5078107,41.7556201
park,w229775789_0,1,150,123.5076895,41.7554409
park,w229775789_0,1,151,123.5076140,41.7553202
park,w229775789_0,1,152,123.5075495,41.7551628
park,w229775789_0,1,153,123.5075323,41.7550697
park,w229775789_0,1,154,123.5075464,41.7549766
park,w229775789_0,1,155,123.5076231,41.7548077
park,w229775789_0,1,156,123.5076437,41.7547752
park,w229775789_0,1,157,123.5065219,41.7544009
park,w235112538_0,1,0,123.4588512,41.7601567
park,w235112538_0,1,1,123.4598163,41.7601563
park,w235112538_0,1,2,123.4598760,41.7613524
park,w235112538_0,1,3,123.4598806,41.7614448
park,w235112538_0,1,4,123.4590872,41.7614612
park,w235112538_0,1,5,123.4588512,41.7601567
footway,w236077136_0,0,0,123.4571817,41.7412643
footway,w236077136_0,0,1,123.4571901,41.7430155
footway,w236077136_0,0,2,123.4571896,41.7430442
footway,w236077136_0,0,3,123.4571893,41.7430849
footway,w236077136_0,0,4,123.4571890,41.7431604
footway,w236077136_0,0,5,123.4572166,41.7448651
footway,w236077136_0,0,6,123.4572365,41.7465394
footway,w236077136_0,0,7,123.4572478,41.7482080
footway,w236077138_0,0,0,123.4654925,41.7484069
footway,w236077138_0,0,1,123.4625850,41.7484029
footway,w236077138_0,0,2,123.4579716,41.7483949
footway,w236077139_0,0,0,123.4575039,41.7488529
footway,w236077139_0,0,1,123.4575162,41.7484397
footway,w236077139_0,0,2,123.4575504,41.7482908
footway,w236077139_0,0,3,123.4575681,41.7482134
footway,w236077140_0,0,0,123.4577506,41.7412575
footway,w236077140_0,0,1,123.4577666,41.7430209
footway,w236077140_0,0,2,123.4577673,41.7430422
footway,w236077140_0,0,3,123.4577678,41.7430837
footway,w236077140_0,0,4,123.4577682,41.7431586
footway,w236077140_0,0,5,123.4577882,41.7448596
footway,w236077140_0,0,6,123.4578069,41.7465659
footway,w236077140_0,0,7,123.4578118,41.7482096
footway,w236077141_0,0,0,123.4492759,41.7473663
footway,w236077141_0,0,1,123.4492587,41.7474802
footway,w236077141_0,0,2,123.4492802,41.7475722
footway,w236077143_0,0,0,123.4428922,41.7439322
footway,w236077143_0,0,1,123.4457032,41.7457853
footway,w236077143_0,0,2,123.4463337,41.7461063
footway,w236077143_0,0,3,123.4476172,41.7467597
footway,w236077143_0,0,4,123.4492759,41.7473663
footway,w236077143_0,0,5,123.4514914,41.7479826
footway,w236077143_0,0,6,123.4529119,41.7482646
footway,w236077143_0,0,7,123.4543292,41.7484189
footway,w236077143_0,0,8,123.4571874,41.7483967
footway,w236077144_0,0,0,123.4487438,41.7473801
footway,w236077144_0,0,1,123.4490066,41.7474761
footway,w236077144_0,0,2,123.4492802,41.7475722
footway,w236077144_0,0,3,123.4497040,41.7476523
footway,w236077144_0,0,4,123.4499347,41.7477123
footway,w236077144_0,0,5,123.4502941,41.7478484
footway,w236077144_0,0,6,123.4507018,41.7479684
footway,w236077144_0,0,7,123.4511738,41.7480285
footway,w236077144_0,0,8,123.4515923,41.7482006
footway,w236077144_0,0,9,123.4519943,41.7484489
footway,w236077144_0,0,10,123.4520710,41.7484869
park,w236077937_0,1,0,123.4549316,41.7498834
park,w236077937_0,1,1,123.4549662,41.7499135
park,w236077937_0,1,2,123.4551339,41.7499101
park,w236077937_0,1,3,123.4553914,41.7498941
park,w236077937_0,1,4,123.4554933,41.7499021
park,w236077937_0,1,5,123.4556003,41.7498116
park,w236077937_0,1,6,123.4555523,41.7497660
park,w236077937_0,1,7,123.4553163,41.7497340
park,w236077937_0,1,8,123.4549730,41.7497300
park,w236077937_0,1,9,123.4549108,41.7497257
park,w236077937_0,1,10,123.4549083,41.7497804
park,w236077937_0,1,11,123.4549316,41.7498834
footway,w236077938_0,0,0,123.4487916,41.7557650
footway,w236077938_0,0,1,123.4487971,41.7559985
footway,w236077938_0,0,2,123.4490198,41.7559965
footway,w236077938_0,0,3,123.4490241,41.7561766
footway,w236077938_0,0,4,123.4492857,41.7561817
footway,w236077938_0,0,5,123.4495414,41.7561818
footway,w236077938_0,0,6,123.4495388,41.7559955
footway,w236077938_0,0,7,123.4497896,41.7559935
footway,w236077938_0,0,8,123.4497964,41.7557514
footway,w237105860_0,0,0,123.4403466,41.7514431
footway,w237105860_0,0,1,123.4403648,41.7514320
footway,w237105860_0,0,2,123.4408081,41.7517155
footway,w237105860_0,0,3,123.4419185,41.7524051
footway,w237105860_0,0,4,123.4421419,41.7527541
footway,w237105860_0,0,5,123.4422221,41.7528454
footway,w237105860_0,0,6,123.4423297,41.7529222
footway,w237105860_0,0,7,123.4425282,41.7529662
footway,w237105860_0,0,8,123.4426942,41.7529894
footway,w237105860_0,0,9,123.4429466,41.7530102
footway,w237105860_0,0,10,123.4431075,41.7530623
footway,w237105860_0,0,11,123.4432524,41.7531423
footway,w237105860_0,0,12,123.4433918,41.7532984
footway,w237105860_0,0,13,123.4434964,41.7534304
footway,w237105860_0,0,14,123.4435440,41.7534635
footway,w237105860_0,0,15,123.4438746,41.7536252
footway,w237105860_0,0,16,123.4441795,41.7537775
footway,w237105860_0,0,17,123.4444030,41.7538647
footway,w237105860_0,0,18,123.4447276,41.7539627
footway,w237105860_0,0,19,123.4452084,41.7540809
footway,w237105860_0,0,20,123.4453816,41.7542119
footway,w237105860_0,0,21,123.4456047,41.7543289
footway,w237105860_0,0,22,123.4457398,41.7544406
footway,w237105860_0,0,23,123.4460070,41.7546850
footway,w237105860_0,0,24,123.4461970,41.7548262
footway,w237105860_0,0,25,123.4463416,41.7548878
footway,w237105860_0,0,26,123.4465185,41.7549705
footway,w237105860_0,0,27,123.4466619,41.7550202
footway,w237105860_0,0,28,123.4468722,41.7550211
footway,w237105860_0,0,29,123.4471233,41.7549956
footway,w237105860_0,0,30,123.4473079,41.7549292
footway,w237105860_0,0,31,123.4475703,41.7548062
footway,w237105860_0,0,32,123.4477209,41.7547551
footway,w237105860_0,0,33,123.4478979,41.7546890
footway,w237105860_0,0,34,123.4483325,41.7546210
footway,w237105860_0,0,35,123.4485225,41.7545701
footway,w237105860_0,0,36,123.4486440,41.7545224
footway,w237105860_0,0,37,123.4489655,41.7545090
footway,w237105860_0,0,38,123.4492308,41.7544769
footway,w237105860_0,0,39,123.4493327,41.7544758
footway,w237105860_0,0,40,123.4495418,41.7544760
footway,w237105860_0,0,41,123.4497027,41.7544755
footway,w237105860_0,0,42,123.4497805,41.7544752
footway,w237105860_0,0,43,123.4498153,41.7544990
footway,w237105860_0,0,44,123.4499138,41.7545852
footway,w237105862_0,0,0,123.4391647,41.7502048
footway,w237105862_0,0,1,123.4391429,41.7503000
footway,w237105862_0,0,2,123.4391912,41.7505162
footway,w237105862_0,0,3,123.4394114,41.7506930
footway,w237105862_0,0,4,123.4397223,41.7508924
footway,w237105862_0,0,5,123.4397923,41.7509812
footway,w237105862_0,0,6,123.4398781,41.7510492
footway,w237105862_0,0,7,123.4400605,41.7510933
footway,w237105862_0,0,8,123.4402268,41.7510532
footway,w237105863_0,0,0,123.4436332,41.7529022
footway,w237105863_0,0,1,123.4435579,41.7529614
footway,w237105863_0,0,2,123.4434508,41.7529982
footway,w237105863_0,0,3,123.4432953,41.7530903
footway,w237105863_0,0,4,123.4432524,41.7531423
footway,w237105864_0,0,0,123.4424745,41.7523499
footway,w237105864_0,0,1,123.4423565,41.7523339
footway,w237105864_0,0,2,123.4422168,41.7523211
footway,w237105864_0,0,3,123.4420505,41.7523531
footway,w237105864_0,0,4,123.4419185,41.7524051
footway,w237105864_0,0,5,123.4418503,41.7524355
footway,w237105865_0,0,0,123.4405009,41.7512763
footway,w237105865_0,0,1,123.4405323,41.7513566
footway,w237105865_0,0,2,123.4406828,41.7514975
footway,w237105865_0,0,3,123.4407847,41.7515695
footway,w237105865_0,0,4,123.4408598,41.7516736
footway,w237105865_0,0,5,123.4410366,41.7517168
footway,w237105865_0,0,6,123.4412450,41.7517448
footway,w237107286_0,0,0,123.4489655,41.7545090
footway,w237107286_0,0,1,123.4489087,41.7544420
footway,w237107286_0,0,2,123.4488656,41.7544099
footway,w237107286_0,0,3,123.4488272,41.7543874
footway,w237107286_0,0,4,123.4487460,41.7543557
footway,w237107286_0,0,5,123.4486301,41.7543499
footway,w237107286_0,0,6,123.4483663,41.7543363
footway,w237107286_0,0,7,123.4481467,41.7543096
footway,w237107286_0,0,8,123.4477942,41.7542595
footway,w237107286_0,0,9,123.4475202,41.7542346
footway,w237107286_0,0,10,123.4472981,41.7542119
footway,w237107286_0,0,11,123.4469596,41.7541657
footway,w237107286_0,0,12,123.4467751,41.7541177
footway,w237107286_0,0,13,123.4465349,41.7540513
footway,w237107286_0,0,14,123.4462986,41.7539987
footway,w237107286_0,0,15,123.4458380,41.7539047
footway,w237107286_0,0,16,123.4455725,41.7538366
footway,w237107286_0,0,17,123.4453790,41.7538017
footway,w237107286_0,0,18,123.4452050,41.7537826
footway,w237107286_0,0,19,123.4450602,41.7537446
footway,w237107286_0,0,20,123.4449873,41.7536897
footway,w237107286_0,0,21,123.4448992,41.7536566
footway,w237107286_0,0,22,123.4447410,41.7536045
footway,w237107286_0,0,23,123.4445988,41.7534985
footway,w237107286_0,0,24,123.4444557,41.7534109
footway,w237107286_0,0,25,123.4443710,41.7533684
footway,w237107288_0,0,0,123.4468010,41.7551423
footway,w237107288_0,0,1,123.4468743,41.7552141
footway,w237107288_0,0,2,123.4469265,41.7552658
footway,w237107288_0,0,3,123.4469876,41.7554349
footway,w237107288_0,0,4,123.4469924,41.7555049
footway,w237107288_0,0,5,123.4469738,41.7556282
footway,w237107290_0,0,0,123.4468722,41.7550211
footway,w237107290_0,0,1,123.4468643,41.7551379
footway,w237107291_0,0,0,123.4466619,41.7550202
footway,w237107291_0,0,1,123.4466418,41.7551228
footway,w237107292_0,0,0,123.4471233,41.7549956
footway,w237107292_0,0,1,123.4471043,41.7550673
footway,w237107292_0,0,2,123.4470687,41.7551025
footway,w237107292_0,0,3,123.4469974,41.7551282
footway,w237107292_0,0,4,123.4468643,41.7551379
footway,w237107292_0,0,5,123.4468010,41.7551423
footway,w237107292_0,0,6,123.4466418,41.7551228
footway,w237107292_0,0,7,123.4464722,41.7550834
footway,w237107292_0,0,8,123.4463465,41.7550063
footway,w237107292_0,0,9,123.4462846,41.7549529
footway,w237107292_0,0,10,123.4461411,41.7549171
footway,w237107292_0,0,11,123.4460495,41.7549223
footway,w237107292_0,0,12,123.4459599,41.7548657
footway,w237107292_0,0,13,123.4458687,41.7548517
footway,w237107292_0,0,14,123.4457372,41.7548417
footway,w237107292_0,0,15,123.4455200,41.7547817
footway,w237107292_0,0,16,123.4453885,41.7547377
footway,w237107292_0,0,17,123.4453000,41.7546716
footway,w237107292_0,0,18,123.4452625,41.7546076
footway,w237107292_0,0,19,123.4452672,41.7545216
footway,w237107292_0,0,20,123.4452035,41.7544555
footway,w237107292_0,0,21,123.4451270,41.7544180
footway,w237107292_0,0,22,123.4450358,41.7543937
footway,w237107292_0,0,23,123.4449127,41.7543898
footway,w237107292_0,0,24,123.4448575,41.7543415
footway,w237107292_0,0,25,123.4447395,41.7542974
footway,w237107292_0,0,26,123.4446295,41.7542374
footway,w237107292_0,0,27,123.4444954,41.7542034
footway,w237107292_0,0,28,123.4444230,41.7542054
footway,w237107292_0,0,29,123.4442186,41.7542495
footway,w237107292_0,0,30,123.4440421,41.7543034
footway,w237107292_0,0,31,123.4438221,41.7544215
footway,w237107292_0,0,32,123.4436532,41.7545396
footway,w237107292_0,0,33,123.4435762,41.7546086
footway,w237107292_0,0,34,123.4434708,41.7546956
footway,w237107292_0,0,35,123.4433420,41.7547377
footway,w237107292_0,0,36,123.4432428,41.7547817
footway,w237107292_0,0,37,123.4431516,41.7548617
footway,w237107292_0,0,38,123.4430131,41.7549623
footway,w237107293_0,0,0,123.4475202,41.7542346
footway,w237107293_0,0,1,123.4476105,41.7543600
footway,w237107293_0,0,2,123.4476937,41.7544620
footway,w237107293_0,0,3,123.4478144,41.7545921
footway,w237107293_0,0,4,123.4478979,41.7546890
footway,w237107293_0,0,5,123.4480012,41.7548054
footway,w237107293_0,0,6,123.4479326,41.7549476
footway,w237107293_0,0,7,123.4478616,41.7551746
footway,w237107293_0,0,8,123.4478010,41.7552384
footway,w237107293_0,0,9,123.4477684,41.7553270
footway,w237107293_0,0,10,123.4477523,41.7554445
footway,w237107293_0,0,11,123.4477303,41.7555802
footway,w237107293_0,0,12,123.4477307,41.7557456
footway,w237107294_0,0,0,123.4486443,41.7557657
footway,w237107294_0,0,1,123.4486441,41.7554371
footway,w237107294_0,0,2,123.4486476,41.7550755
footway,w237107294_0,0,3,123.4486440,41.7545224
footway,w237107294_0,0,4,123.4486301,41.7543499
footway,w237107295_0,0,0,123.4462846,41.7549529
footway,w237107295_0,0,1,123.4463416,41.7548878
footway,w237107295_0,0,2,123.4463199,41.7547831
footway,w237107295_0,0,3,123.4463088,41.7546582
footway,w237107295_0,0,4,123.4463443,41.7545841
footway,w237107295_0,0,5,123.4464546,41.7544623
footway,w237107295_0,0,6,123.4464591,41.7543440
footway,w237107295_0,0,7,123.4464583,41.7542642
footway,w237107295_0,0,8,123.4464023,41.7541792
footway,w237107295_0,0,9,123.4463070,41.7541139
footway,w237107295_0,0,10,123.4462986,41.7539987
footway,w237107297_0,0,0,123.4436332,41.7529022
footway,w237107297_0,0,1,123.4437010,41.7528053
footway,w237107297_0,0,2,123.4449157,41.7533539
footway,w237107297_0,0,3,123.4448349,41.7534304
footway,w237107927_0,0,0,123.4499138,41.7545852
footway,w237107927_0,0,1,123.4499148,41.7544965
footway,w237107927_0,0,2,123.4499150,41.7544589
footway,w237107927_0,0,3,123.4500848,41.7544020
footway,w237107927_0,0,4,123.4503375,41.7543848
footway,w237107927_0,0,5,123.4506223,41.7543888
footway,w237107927_0,0,6,123.4508860,41.7544509
footway,w237107929_0,0,0,123.4515350,41.7547291
footway,w237107929_0,0,1,123.4515517,41.7548716
footway,w237107929_0,0,2,123.4515423,41.7550305
footway,w237107929_0,0,3,123.4514772,41.7551358
footway,w237107929_0,0,4,123.4513618,41.7551999
footway,w237107929_0,0,5,123.4513833,41.7553399
footway,w237107929_0,0,6,123.4514262,41.7555140
footway,w237107929_0,0,7,123.4514647,41.7557109
footway,w237107931_0,0,0,123.4529984,41.7547185
footway,w237107931_0,0,1,123.4529998,41.7549174
footway,w237107931_0,0,2,123.4529974,41.7550473
footway,w237107931_0,0,3,123.4530203,41.7551992
footway,w237107931_0,0,4,123.4529517,41.7553282
footway,w237107931_0,0,5,123.4529370,41.7554444
footway,w237107931_0,0,6,123.4529210,41.7556386
footway,w237107931_0,0,7,123.4528799,41.7558077
footway,w237107933_0,0,0,123.4506257,41.7547611
footway,w237107933_0,0,1,123.4506392,41.7546190
footway,w237107933_0,0,2,123.4507487,41.7545021
footway,w237107933_0,0,3,123.4508860,41.7544509
footway,w237107933_0,0,4,123.4509445,41.7544200
footway,w237107933_0,0,5,123.4512072,41.7543713
footway,w237107933_0,0,6,123.4515662,41.7543346
footway,w237107933_0,0,7,123.4522617,41.7542812
footway,w237107933_0,0,8,123.4528315,41.7542665
footway,w237107933_0,0,9,123.4535106,41.7543011
footway,w237107933_0,0,10,123.4539896,41.7543870
footway,w237107933_0,0,11,123.4541394,41.7544289
footway,w237107935_0,0,0,123.4499138,41.7545852
footway,w237107935_0,0,1,123.4499250,41.7550712
footway,w237107935_0,0,2,123.4499247,41.7552639
footway,w237107935_0,0,3,123.4498467,41.7553923
footway,w237107935_0,0,4,123.4498560,41.7555043
footway,w237107935_0,0,5,123.4499257,41.7557519
footway,w237107940_0,0,0,123.4452084,41.7540809
footway,w237107940_0,0,1,123.4450687,41.7542192
footway,w237107940_0,0,2,123.4449927,41.7543011
footway,w237107940_0,0,3,123.4449127,41.7543898
footway,w237107940_0,0,4,123.4448702,41.7544709
footway,w237107940_0,0,5,123.4448230,41.7545717
footway,w237107940_0,0,6,123.4447932,41.7546895
footway,w237107940_0,0,7,123.4447797,41.7547678
footway,w237107940_0,0,8,123.4447019,41.7548797
footway,w237107940_0,0,9,123.4446188,41.7549678
footway,w237107940_0,0,10,123.4445875,41.7550241
footway,w237107942_0,0,0,123.4505610,41.7548922
footway,w237107942_0,0,1,123.4504027,41.7549422
footway,w237107942_0,0,2,123.4501452,41.7550323
footway,w237107942_0,0,3,123.4499250,41.7550712
footway,w237107942_0,0,4,123.4495768,41.7550667
footway,w237107944_0,0,0,123.4506257,41.7547611
footway,w237107944_0,0,1,123.4505610,41.7548922
footway,w237107944_0,0,2,123.4505587,41.7550272
footway,w237107944_0,0,3,123.4506198,41.7551955
footway,w237107944_0,0,4,123.4506603,41.7553425
footway,w237107944_0,0,5,123.4506860,41.7554810
footway,w237107944_0,0,6,123.4505986,41.7556186
footway,w237107944_0,0,7,123.4505486,41.7557454
footway,w237107944_0,0,8,123.4505304,41.7558202
footway,w237107944_0,0,9,123.4506242,41.7559582
footway,w237107944_0,0,10,123.4507611,41.7560322
footway,w237107944_0,0,11,123.4509434,41.7560863
footway,w237107944_0,0,12,123.4510641,41.7561823
footway,w237107944_0,0,13,123.4511526,41.7563764
footway,w237107944_0,0,14,123.4512131,41.7565252
footway,w237107944_0,0,15,123.4513028,41.7567186
footway,w237107944_0,0,16,123.4514316,41.7568466
footway,w237107945_0,0,0,123.4511702,41.7547431
footway,w237107945_0,0,1,123.4511664,41.7549384
footway,w237107945_0,0,2,123.4511928,41.7550998
footway,w237107945_0,0,3,123.4512063,41.7551699
footway,w237107945_0,0,4,123.4513618,41.7551999
footway,w237107947_0,0,0,123.4435440,41.7534635
footway,w237107947_0,0,1,123.4434151,41.7535109
footway,w237107947_0,0,2,123.4431379,41.7536072
footway,w237107947_0,0,3,123.4428376,41.7537129
footway,w237107947_0,0,4,123.4426393,41.7537732
footway,w237107947_0,0,5,123.4424569,41.7538292
footway,w237107947_0,0,6,123.4422274,41.7538516
footway,w237107947_0,0,7,123.4420841,41.7538592
footway,w237107947_0,0,8,123.4419777,41.7538537
footway,w237107947_0,0,9,123.4410139,41.7535371
footway,w237107949_0,0,0,123.4438746,41.7536252
footway,w237107949_0,0,1,123.4440523,41.7533441
footway,w237108598_0,0,0,123.4543416,41.7545378
footway,w237108598_0,0,1,123.4543996,41.7546231
footway,w237108606_0,0,0,123.4541394,41.7544289
footway,w237108606_0,0,1,123.4542601,41.7544750
footway,w237108608_0,0,0,123.4542601,41.7544750
footway,w237108608_0,0,1,123.4543416,41.7545378
footway,w237108608_0,0,2,123.4544431,41.7544295
footway,w237108608_0,0,3,123.4546475,41.7543170
footway,w237108608_0,0,4,123.4547870,41.7542689
footway,w237108608_0,0,5,123.4549956,41.7542540
footway,w237108608_0,0,6,123.4553169,41.7542448
footway,w237108608_0,0,7,123.4557403,41.7541879
footway,w237108608_0,0,8,123.4561055,41.7541668
footway,w237108608_0,0,9,123.4564059,41.7541608
footway,w237108608_0,0,10,123.4565347,41.7541588
footway,w237108608_0,0,11,123.4566201,41.7541899
footway,w237108608_0,0,12,123.4567381,41.7543600
footway,w237108608_0,0,13,123.4567736,41.7543965
footway,w237108608_0,0,14,123.4569450,41.7545730
footway,w237108608_0,0,15,123.4571355,41.7547311
footway,w237108608_0,0,16,123.4572048,41.7547702
footway,w237108608_0,0,17,123.4572642,41.7547611
footway,w237109469_0,0,0,123.4616527,41.7539323
footway,w237109469_0,0,1,123.4616439,41.7540859
footway,w237109469_0,0,2,123.4616303,41.7541830
footway,w237109470_0,0,0,123.4627033,41.7537517
footway,w237109470_0,0,1,123.4627758,41.7539718
footway,w237109470_0,0,2,123.4628954,41.7541132
footway,w237109471_0,0,0,123.4606653,41.7546530
footway,w237109471_0,0,1,123.4609201,41.7545010
footway,w237109471_0,0,2,123.4612044,41.7544349
footway,w237109471_0,0,3,123.4613331,41.7543609
footway,w237109471_0,0,4,123.4615531,41.7542268
footway,w237109471_0,0,5,123.4616303,41.7541830
footway,w237109471_0,0,6,123.4619044,41.7541488
footway,w237109471_0,0,7,123.4625240,41.7540287
footway,w237109471_0,0,8,123.4627758,41.7539718
footway,w237109471_0,0,9,123.4629800,41.7539387
footway,w237109471_0,0,10,123.4633421,41.7539087
footway,w237109471_0,0,11,123.4638034,41.7537786
footway,w237109471_0,0,12,123.4642644,41.7536336
footway,w237109471_0,0,13,123.4646725,41.7534464
footway,w237109471_0,0,14,123.4647961,41.7533657
footway,w237109471_0,0,15,123.4649123,41.7533310
footway,w237109471_0,0,16,123.4652128,41.7532269
footway,w237109471_0,0,17,123.4654756,41.7531289
footway,w237109471_0,0,18,123.4656285,41.7530588
footway,w237109471_0,0,19,123.4658136,41.7529608
footway,w237109471_0,0,20,123.4661981,41.7529513
footway,w237109473_0,0,0,123.4598177,41.7541608
footway,w237109473_0,0,1,123.4596897,41.7540396
footway,w237109473_0,0,2,123.4597883,41.7539405
footway,w237109473_0,0,3,123.4605299,41.7538669
footway,w237109473_0,0,4,123.4606763,41.7540147
footway,w237109473_0,0,5,123.4616527,41.7539323
footway,w237109473_0,0,6,123.4627033,41.7537517
footway,w237109473_0,0,7,123.4632831,41.7535765
footway,w237109473_0,0,8,123.4638245,41.7534576
footway,w237109473_0,0,9,123.4643073,41.7533855
footway,w237109473_0,0,10,123.4644867,41.7532928
footway,w237109473_0,0,11,123.4645476,41.7532209
footway,w237109473_0,0,12,123.4645878,41.7530889
footway,w237109474_0,0,0,123.4607412,41.7536882
footway,w237109474_0,0,1,123.4608220,41.7535889
footway,w237109474_0,0,2,123.4609028,41.7535229
footway,w237109474_0,0,3,123.4609844,41.7534184
footway,w237109474_0,0,4,123.4610166,41.7533244
footway,w237109474_0,0,5,123.4610113,41.7532123
footway,w237109474_0,0,6,123.4609898,41.7531103
footway,w237109474_0,0,7,123.4609228,41.7530382
footway,w237109474_0,0,8,123.4608450,41.7529762
footway,w237109474_0,0,9,123.4607296,41.7529282
footway,w237109475_0,0,0,123.4609579,41.7545229
footway,w237109475_0,0,1,123.4609201,41.7545010
footway,w237109475_0,0,2,123.4608423,41.7544249
footway,w237109475_0,0,3,123.4607618,41.7543309
footway,w237109475_0,0,4,123.4607028,41.7542188
footway,w237109475_0,0,5,123.4606810,41.7540538
footway,w237109475_0,0,6,123.4606763,41.7540147
footway,w237109475_0,0,7,123.4606649,41.7539198
footway,w237109475_0,0,8,123.4605982,41.7537986
footway,w237109475_0,0,9,123.4606139,41.7537197
footway,w237109475_0,0,10,123.4607412,41.7536882
footway,w237227908_0,0,0,123.4492256,41.7548493
footway,w237227908_0,0,1,123.4492308,41.7544769
footway,w237227911_0,0,0,123.4493327,41.7544758
footway,w237227911_0,0,1,123.4493210,41.7548481
footway,w237227913_0,0,0,123.4492873,41.7553147
footway,w237227913_0,0,1,123.4492730,41.7553978
footway,w237227913_0,0,2,123.4492894,41.7557584
footway,w237227915_0,0,0,123.4489804,41.7550741
footway,w237227915_0,0,1,123.4486476,41.7550755
footway,w237227915_0,0,2,123.4484208,41.7550847
footway,w237227915_0,0,3,123.4481990,41.7550480
footway,w237227915_0,0,4,123.4479326,41.7549476
footway,w237227916_0,1,0,123.4586211,41.7543620
footway,w237227916_0,1,1,123.4593507,41.7539458
footway,w237227916_0,1,2,123.4590751,41.7536350
footway,w237227916_0,1,3,123.4586856,41.7536664
footway,w237227916_0,1,4,123.4581698,41.7538779
footway,w237227916_0,1,5,123.4579491,41.7538879
footway,w237227916_0,1,6,123.4581743,41.7541297
footway,w237227916_0,1,7,123.4583154,41.7540459
footway,w237227916_0,1,8,123.4586211,41.7543620
footway,w237227919_0,0,0,123.4486441,41.7554371
footway,w237227919_0,0,1,123.4492730,41.7553978
footway,w237227919_0,0,2,123.4498467,41.7553923
footway,w237227920_0,1,0,123.4492256,41.7548493
footway,w237227920_0,1,1,123.4491494,41.7548705
footway,w237227920_0,1,2,123.4490774,41.7549043
footway,w237227920_0,1,3,123.4490260,41.7549482
footway,w237227920_0,1,4,123.4489983,41.7550036
footway,w237227920_0,1,5,123.4489804,41.7550741
footway,w237227920_0,1,6,123.4489896,41.7551487
footway,w237227920_0,1,7,123.4490351,41.7552150
footway,w237227920_0,1,8,123.4490915,41.7552567
footway,w237227920_0,1,9,123.4491711,41.7552933
footway,w237227920_0,1,10,123.4492873,41.7553147
footway,w237227920_0,1,11,123.4493929,41.7552888
footway,w237227920_0,1,12,123.4494680,41.7552533
footway,w237227920_0,1,13,123.4495356,41.7552016
footway,w237227920_0,1,14,123.4495768,41.7551286
footway,w237227920_0,1,15,123.4495768,41.7550667
footway,w237227920_0,1,16,123.4495612,41.7549861
footway,w237227920_0,1,17,123.4495053,41.7549197
footway,w237227920_0,1,18,123.4494166,41.7548724
footway,w237227920_0,1,19,123.4493210,41.7548481
footway,w237227920_0,1,20,123.4492256,41.7548493
footway,w237227923_0,0,0,123.4489384,41.7543500
footway,w237227923_0,0,1,123.4498610,41.7543740
park,w237228615_0,1,0,123.4657915,41.7527783
park,w237228615_0,1,1,123.4658148,41.7537817
park,w237228615_0,1,2,123.4644362,41.7538698
park,w237228615_0,1,3,123.4611478,41.7546181
park,w237228615_0,1,4,123.4606006,41.7549143
park,w237228615_0,1,5,123.4589805,41.7559508
park,w237228615_0,1,6,123.4588073,41.7564308
park,w237228615_0,1,7,123.4586946,41.7570350
park,w237228615_0,1,8,123.4582081,41.7576355
park,w237228615_0,1,9,123.4562340,41.7575314
park,w237228615_0,1,10,123.4538414,41.7570512
park,w237228615_0,1,11,123.4514898,41.7570049
park,w237228615_0,1,12,123.4479924,41.7563536
park,w237228615_0,1,13,123.4463747,41.7559405
park,w237228615_0,1,14,123.4437162,41.7551643
park,w237228615_0,1,15,123.4419941,41.7545445
park,w237228615_0,1,16,123.4420665,41.7536697
park,w237228615_0,1,17,123.4423991,41.7533415
park,w237228615_0,1,18,123.4412243,41.7525051
park,w237228615_0,1,19,123.4400281,41.7516287
park,w237228615_0,1,20,123.4381130,41.7502560
park,w237228615_0,1,21,123.4378913,41.7500288
park,w237228615_0,1,22,123.4376248,41.7497557
park,w237228615_0,1,23,123.4373325,41.7494219
park,w237228615_0,1,24,123.4374138,41.7492902
park,w237228615_0,1,25,123.4366050,41.7487481
park,w237228615_0,1,26,123.4368807,41.7484804
park,w237228615_0,1,27,123.4370229,41.7484924
park,w237228615_0,1,28,123.4371793,41.7485730
park,w237228615_0,1,29,123.4391483,41.7500081
park,w237228615_0,1,30,123.4393529,41.7504113
park,w237228615_0,1,31,123.4397336,41.7507260
park,w237228615_0,1,32,123.4402580,41.7508409
park,w237228615_0,1,33,123.4409795,41.7514020
park,w237228615_0,1,34,123.4417031,41.7517490
park,w237228615_0,1,35,123.4420826,41.7518797
park,w237228615_0,1,36,123.4433626,41.7526525
park,w237228615_0,1,37,123.4437010,41.7528053
park,w237228615_0,1,38,123.4449157,41.7533539
park,w237228615_0,1,39,123.4456350,41.7536788
park,w237228615_0,1,40,123.4477292,41.7540836
park,w237228615_0,1,41,123.4492165,41.7542684
park,w237228615_0,1,42,123.4504973,41.7542849
park,w237228615_0,1,43,123.4516634,41.7541870
park,w237228615_0,1,44,123.4566416,41.7539469
park,w237228615_0,1,45,123.4579491,41.7538879
park,w237228615_0,1,46,123.4581698,41.7538779
park,w237228615_0,1,47,123.4586856,41.7536664
park,w237228615_0,1,48,123.4590751,41.7536350
park,w237228615_0,1,49,123.4594270,41.7536066
park,w237228615_0,1,50,123.4595810,41.7537683
park,w237228615_0,1,51,123.4604014,41.7537461
park,w237228615_0,1,52,123.4605239,41.7537322
park,w237228615_0,1,53,123.4613561,41.7535762
park,w237228615_0,1,54,123.4621025,41.7533261
park,w237228615_0,1,55,123.4630989,41.7529415
park,w237228615_0,1,56,123.4643134,41.7528622
park,w237228615_0,1,57,123.4657915,41.7527783
footway,w237952559_0,0,0,123.4418503,41.7524355
footway,w237952559_0,0,1,123.4416898,41.7525366
footway,w237952559_0,0,2,123.4416066,41.7526426
footway,w237952559_0,0,3,123.4415385,41.7527710
footway,w237952560_0,0,0,123.4421784,41.7528453
footway,w237952560_0,0,1,123.4419929,41.7528627
footway,w237952560_0,0,2,123.4419044,41.7528587
footway,w237952560_0,0,3,123.4417917,41.7528327
footway,w237952560_0,0,4,123.4416603,41.7527867
footway,w237952560_0,0,5,123.4415385,41.7527710
footway,w237952561_0,0,0,123.4408598,41.7516736
footway,w237952561_0,0,1,123.4408081,41.7517155
footway,w237952848_0,0,0,123.4443812,41.7533335
footway,w237952848_0,0,1,123.4443710,41.7533684
footway,w237952848_0,0,2,123.4443237,41.7535311
footway,w237952848_0,0,3,123.4442701,41.7536591
footway,w237952848_0,0,4,123.4441795,41.7537775
footway,w237952848_0,0,5,123.4440206,41.7539753
footway,w237952848_0,0,6,123.4439026,41.7541294
footway,w237952848_0,0,7,123.4439053,41.7541614
footway,w237952848_0,0,8,123.4439777,41.7542114
footway,w237952848_0,0,9,123.4440421,41.7543034
footway,w237952849_0,1,0,123.4444560,41.7532639
footway,w237952849_0,1,1,123.4443812,41.7533335
footway,w237952849_0,1,2,123.4442953,41.7533595
footway,w237952849_0,1,3,123.4441827,41.7533635
footway,w237952849_0,1,4,123.4440523,41.7533441
footway,w237952849_0,1,5,123.4439408,41.7532819
footway,w237952849_0,1,6,123.4438984,41.7531874
footway,w237952849_0,1,7,123.4439015,41.7531203
footway,w237952849_0,1,8,123.4439503,41.7530416
footway,w237952849_0,1,9,123.4444560,41.7532639
footway,w237953751_0,0,0,123.4492857,41.7561817
footway,w237953751_0,0,1,123.4492804,41.7566285
footway,w237954337_0,0,0,123.4556678,41.7555745
footway,w237954337_0,0,1,123.4555380,41.7557041
footway,w237954337_0,0,2,123.4553932,41.7559042
footway,w237954337_0,0,3,123.4553140,41.7560848
footway,w237954338_0,0,0,123.4557928,41.7562723
footway,w237954338_0,0,1,123.4558009,41.7563744
footway,w237954338_0,0,2,123.4558250,41.7564464
footway,w237954338_0,0,3,123.4559082,41.7564904
footway,w237954338_0,0,4,123.4560155,41.7564924
footway,w237954338_0,0,5,123.4560879,41.7564684
footway,w237954339_0,0,0,123.4561201,41.7563824
footway,w237954339_0,0,1,123.4560932,41.7563144
footway,w237954339_0,0,2,123.4560208,41.7562663
footway,w237954339_0,0,3,123.4559001,41.7562363
footway,w237954339_0,0,4,123.4558454,41.7562332
footway,w237954340_0,0,0,123.4571608,41.7564844
footway,w237954340_0,0,1,123.4571313,41.7563964
footway,w237954340_0,0,2,123.4571458,41.7563276
footway,w237954340_0,0,3,123.4571769,41.7562383
footway,w237954340_0,0,4,123.4571661,41.7561743
footway,w237954340_0,0,5,123.4570910,41.7561263
footway,w237954340_0,0,6,123.4569837,41.7560583
footway,w237954340_0,0,7,123.4568280,41.7561202
water,w237954341_0,1,0,123.4570803,41.7564924
water,w237954341_0,1,1,123.4571339,41.7565165
water,w237954341_0,1,2,123.4571393,41.7565525
water,w237954341_0,1,3,123.4570749,41.7566205
water,w237954341_0,1,4,123.4570320,41.7567005
water,w237954341_0,1,5,123.4569167,41.7567786
water,w237954341_0,1,6,123.4567772,41.7568226
water,w237954341_0,1,7,123.4566270,41.7568286
water,w237954341_0,1,8,123.4565063,41.7568166
water,w237954341_0,1,9,123.4563105,41.7567586
water,w237954341_0,1,10,123.4561710,41.7567005
water,w237954341_0,1,11,123.4560745,41.7566485
water,w237954341_0,1,12,123.4560369,41.7566085
water,w237954341_0,1,13,123.4560557,41.7565505
water,w237954341_0,1,14,123.4561147,41.7565605
water,w237954341_0,1,15,123.4561818,41.7565905
water,w237954341_0,1,16,123.4562569,41.7566145
water,w237954341_0,1,17,123.4563293,41.7565745
water,w237954341_0,1,18,123.4563427,41.7565045
water,w237954341_0,1,19,123.4562488,41.7564624
water,w237954341_0,1,20,123.4561764,41.7564464
water,w237954341_0,1,21,123.4561898,41.7563784
water,w237954341_0,1,22,123.4562220,41.7563584
water,w237954341_0,1,23,123.4570803,41.7564924
footway,w237954342_0,0,0,123.4567655,41.7564099
footway,w237954342_0,0,1,123.4568024,41.7562821
footway,w237954343_0,0,0,123.4555176,41.7561118
footway,w237954343_0,0,1,123.4555005,41.7561983
footway,w237954343_0,0,2,123.4555434,41.7562463
footway,w237954343_0,0,3,123.4556829,41.7562683
footway,w237954343_0,0,4,123.4557928,41.7562723
footway,w237954343_0,0,5,123.4558454,41.7562332
footway,w237954343_0,0,6,123.4558814,41.7561600
footway,w237954343_0,0,7,123.4559243,41.7561003
footway,w237954343_0,0,8,123.4559216,41.7560442
footway,w237954343_0,0,9,123.4559350,41.7559582
footway,w237954343_0,0,10,123.4559672,41.7558962
footway,w237954343_0,0,11,123.4560745,41.7558241
footway,w237954343_0,0,12,123.4562005,41.7558201
footway,w237954343_0,0,13,123.4563943,41.7557764
footway,w237954343_0,0,14,123.4564561,41.7559150
footway,w237954343_0,0,15,123.4564607,41.7560743
footway,w237954343_0,0,16,123.4564502,41.7562354
footway,w237954344_0,0,0,123.4542107,41.7559386
footway,w237954344_0,0,1,123.4542452,41.7560723
footway,w237954344_0,0,2,123.4543418,41.7562083
footway,w237954344_0,0,3,123.4544759,41.7563544
footway,w237954344_0,0,4,123.4545912,41.7564644
footway,w237954344_0,0,5,123.4546449,41.7565625
footway,w237954344_0,0,6,123.4546207,41.7566525
footway,w237954344_0,0,7,123.4546502,41.7567466
footway,w237954344_0,0,8,123.4547194,41.7568270
footway,w237954344_0,0,9,123.4548187,41.7568558
footway,w237954344_0,0,10,123.4549184,41.7569586
footway,w237954344_0,0,11,123.4550552,41.7570387
footway,w237954344_0,0,12,123.4551840,41.7570547
footway,w237954344_0,0,13,123.4552990,41.7570347
footway,w237954344_0,0,14,123.4553739,41.7569649
footway,w237954344_0,0,15,123.4554330,41.7568746
footway,w237954344_0,0,16,123.4555166,41.7568406
footway,w237954344_0,0,17,123.4556817,41.7567647
footway,w237954345_0,0,0,123.4557973,41.7568513
footway,w237954345_0,0,1,123.4558894,41.7568006
footway,w237954345_0,0,2,123.4560128,41.7567526
footway,w237954345_0,0,3,123.4561469,41.7567826
footway,w237954345_0,0,4,123.4563561,41.7568646
footway,w237954345_0,0,5,123.4565492,41.7568886
footway,w237954345_0,0,6,123.4567531,41.7568826
footway,w237954345_0,0,7,123.4569247,41.7568126
footway,w237954345_0,0,8,123.4571474,41.7566805
footway,w237954345_0,0,9,123.4572090,41.7566005
footway,w237954345_0,0,10,123.4571608,41.7564844
footway,w237954345_0,0,11,123.4567655,41.7564099
footway,w237954345_0,0,12,123.4564237,41.7563662
footway,w237954345_0,0,13,123.4562113,41.7563384
footway,w237954345_0,0,14,123.4561201,41.7563824
footway,w237954345_0,0,15,123.4560879,41.7564684
footway,w237954345_0,0,16,123.4561335,41.7565365
footway,w237954345_0,0,17,123.4562810,41.7565805
footway,w237954346_0,0,0,123.4555434,41.7562463
footway,w237954346_0,0,1,123.4555139,41.7563544
footway,w237954346_0,0,2,123.4555112,41.7564564
footway,w237954346_0,0,3,123.4554978,41.7565645
footway,w237954347_0,0,0,123.4564237,41.7563662
footway,w237954347_0,0,1,123.4564502,41.7562354
footway,w237954348_0,0,0,123.4571474,41.7566805
footway,w237954348_0,0,1,123.4571769,41.7567786
footway,w237954348_0,0,2,123.4571983,41.7568766
footway,w237954348_0,0,3,123.4572470,41.7570151
footway,w237954955_0,0,0,123.4560745,41.7558241
footway,w237954955_0,0,1,123.4560396,41.7557081
footway,w237954955_0,0,2,123.4560342,41.7556441
footway,w237954955_0,0,3,123.4559770,41.7555564
footway,w237954956_0,0,0,123.4570910,41.7561263
footway,w237954956_0,0,1,123.4571447,41.7560302
footway,w237954956_0,0,2,123.4572144,41.7559562
footway,w237954956_0,0,3,123.4572037,41.7558542
footway,w237954956_0,0,4,123.4571634,41.7557381
footway,w237954956_0,0,5,123.4571339,41.7556381
footway,w237954956_0,0,6,123.4571044,41.7555700
footway,w237954956_0,0,7,123.4571263,41.7555095
footway,w237954956_0,0,8,123.4571378,41.7554438
footway,w237954957_0,0,0,123.4577827,41.7560168
footway,w237954957_0,0,1,123.4578883,41.7559296
footway,w237954958_0,1,0,123.4575211,41.7564502
footway,w237954958_0,1,1,123.4575774,41.7565088
footway,w237954958_0,1,2,123.4576438,41.7565471
footway,w237954958_0,1,3,123.4577238,41.7565662
footway,w237954958_0,1,4,123.4578078,41.7565637
footway,w237954958_0,1,5,123.4578762,41.7565440
footway,w237954958_0,1,6,123.4579408,41.7565040
footway,w237954958_0,1,7,123.4579831,41.7564499
footway,w237954958_0,1,8,123.4579981,41.7563882
footway,w237954958_0,1,9,123.4579838,41.7563265
footway,w237954958_0,1,10,123.4579468,41.7562665
footway,w237954958_0,1,11,123.4578483,41.7562206
footway,w237954958_0,1,12,123.4577662,41.7562071
footway,w237954958_0,1,13,123.4576830,41.7562155
footway,w237954958_0,1,14,123.4576086,41.7562445
footway,w237954958_0,1,15,123.4575520,41.7562908
footway,w237954958_0,1,16,123.4575792,41.7563524
footway,w237954958_0,1,17,123.4575604,41.7564064
footway,w237954958_0,1,18,123.4575211,41.7564502
footway,w237954960_0,0,0,123.4576519,41.7558903
footway,w237954960_0,0,1,123.4577482,41.7558421
footway,w237954961_0,0,0,123.4567551,41.7553390
footway,w237954961_0,0,1,123.4567638,41.7551538
footway,w237954961_0,0,2,123.4567504,41.7550578
footway,w237954961_0,0,3,123.4567504,41.7550018
footway,w237954961_0,0,4,123.4567745,41.7549117
footway,w237954961_0,0,5,123.4567826,41.7548397
footway,w237954961_0,0,6,123.4567772,41.7547517
footway,w237954961_0,0,7,123.4567665,41.7546936
footway,w237954961_0,0,8,123.4567477,41.7546096
footway,w237954961_0,0,9,123.4566833,41.7545676
footway,w237954961_0,0,10,123.4567182,41.7544275
footway,w237954961_0,0,11,123.4567736,41.7543965
footway,w237954963_0,0,0,123.4570162,41.7553911
footway,w237954963_0,0,1,123.4571956,41.7552219
footway,w237954963_0,0,2,123.4572922,41.7551338
footway,w237954963_0,0,3,123.4574478,41.7550398
footway,w237954964_0,0,0,123.4563943,41.7557764
footway,w237954964_0,0,1,123.4564339,41.7556901
footway,w237954964_0,0,2,123.4564044,41.7555620
footway,w237954964_0,0,3,123.4563952,41.7554434
footway,w237954965_0,0,0,123.4575520,41.7562908
footway,w237954965_0,0,1,123.4574531,41.7562343
footway,w237954965_0,0,2,123.4573362,41.7561946
footway,w237954966_0,0,0,123.4575211,41.7564502
footway,w237954966_0,0,1,123.4573888,41.7564704
footway,w237954966_0,0,2,123.4572748,41.7564968
footway,w237954967_0,0,0,123.4579468,41.7562665
footway,w237954967_0,0,1,123.4581983,41.7561703
footway,w237954968_0,0,0,123.4578762,41.7565440
footway,w237954968_0,0,1,123.4580594,41.7567361
footway,w237954969_0,0,0,123.4564561,41.7559150
footway,w237954969_0,0,1,123.4565358,41.7559162
footway,w237954969_0,0,2,123.4566646,41.7559682
footway,w237954969_0,0,3,123.4567906,41.7560583
footway,w237954969_0,0,4,123.4568280,41.7561202
footway,w237954969_0,0,5,123.4568630,41.7561783
footway,w237954969_0,0,6,123.4568024,41.7562821
footway,w237957146_0,0,0,123.4512063,41.7551699
footway,w237957146_0,0,1,123.4510346,41.7552699
footway,w237957146_0,0,2,123.4508566,41.7553603
footway,w237957146_0,0,3,123.4506860,41.7554810
footway,w237957146_0,0,4,123.4498560,41.7555043
footway,w237957147_0,0,0,123.4549956,41.7542540
footway,w237957147_0,0,1,123.4549890,41.7545893
footway,w237957147_0,0,2,123.4548265,41.7546373
footway,w237957147_0,0,3,123.4546562,41.7546548
footway,w237957147_0,0,4,123.4545536,41.7546404
footway,w237957148_0,0,0,123.4573468,41.7547046
footway,w237957148_0,0,1,123.4574868,41.7546090
footway,w237957150_0,0,0,123.4644867,41.7532928
footway,w237957150_0,0,1,123.4647961,41.7533657
footway,w237957150_0,0,2,123.4649428,41.7534418
footway,w237957152_0,0,0,123.4486441,41.7554371
footway,w237957152_0,0,1,123.4484448,41.7554097
footway,w237957152_0,0,2,123.4482639,41.7554280
footway,w237957152_0,0,3,123.4480654,41.7554100
footway,w237957152_0,0,4,123.4479501,41.7553519
footway,w237957152_0,0,5,123.4478734,41.7552824
footway,w237957152_0,0,6,123.4478010,41.7552384
footway,w237957152_0,0,7,123.4476454,41.7552084
footway,w237957152_0,0,8,123.4475757,41.7552264
footway,w237957152_0,0,9,123.4474764,41.7552404
footway,w237957152_0,0,10,123.4473718,41.7552324
footway,w237957152_0,0,11,123.4472431,41.7551944
footway,w237957152_0,0,12,123.4471465,41.7551464
footway,w237957152_0,0,13,123.4470687,41.7551025
footway,w237957153_0,0,0,123.4499247,41.7552639
footway,w237957153_0,0,1,123.4499993,41.7552719
footway,w237957153_0,0,2,123.4501522,41.7552239
footway,w237957153_0,0,3,123.4503399,41.7552399
footway,w237957153_0,0,4,123.4504359,41.7552362
footway,w237957153_0,0,5,123.4506198,41.7551955
footway,w237957328_0,0,0,123.4447797,41.7547678
footway,w237957328_0,0,1,123.4449553,41.7547191
footway,w237957328_0,0,2,123.4449855,41.7546311
footway,w237957328_0,0,3,123.4451150,41.7545756
footway,w237957328_0,0,4,123.4452672,41.7545216
footway,w237957328_0,0,5,123.4453349,41.7544735
footway,w237957328_0,0,6,123.4454127,41.7544335
footway,w237957328_0,0,7,123.4455361,41.7544255
footway,w237957328_0,0,8,123.4457398,41.7544406
road,w367707633_0,0,0,123.4424363,41.7438769
road,w367707633_0,0,1,123.4420025,41.7442169
road,w367707633_0,0,2,123.4412848,41.7447788
building,w443361072_0,1,0,123.4791353,41.7619490
building,w443361072_0,1,1,123.4802324,41.7619203
building,w443361072_0,1,2,123.4802254,41.7617703
building,w443361072_0,1,3,123.4791282,41.7617991
building,w443361072_0,1,4,123.4791353,41.7619490
building,w443361077_0,1,0,123.4797345,41.7616409
building,w443361077_0,1,1,123.4800269,41.7616372
building,w443361077_0,1,2,123.4800238,41.7615031
building,w443361077_0,1,3,123.4797315,41.7615069
building,w443361077_0,1,4,123.4797345,41.7616409
building,w443361133_0,1,0,123.4792561,41.7616823
building,w443361133_0,1,1,123.4795483,41.7616699
building,w443361133_0,1,2,123.4795367,41.7615168
building,w443361133_0,1,3,123.4792444,41.7615291
building,w443361133_0,1,4,123.4792561,41.7616823
building,w443361174_0,1,0,123.4792648,41.7614439
building,w443361174_0,1,1,123.4794237,41.7614402
building,w443361174_0,1,2,123.4794252,41.7614763
building,w443361174_0,1,3,123.4796229,41.7614716
building,w443361174_0,1,4,123.4796179,41.7613520
building,w443361174_0,1,5,123.4794507,41.7613559
building,w443361174_0,1,6,123.4794493,41.7613227
building,w443361174_0,1,7,123.4792599,41.7613271
building,w443361174_0,1,8,123.4792648,41.7614439
building,w443361176_0,1,0,123.4796972,41.7614404
building,w443361176_0,1,1,123.4798561,41.7614367
building,w443361176_0,1,2,123.4798576,41.7614728
building,w443361176_0,1,3,123.4800553,41.7614681
building,w443361176_0,1,4,123.4800503,41.7613485
building,w443361176_0,1,5,123.4798832,41.7613524
building,w443361176_0,1,6,123.4798818,41.7613192
building,w443361176_0,1,7,123.4796923,41.7613236
building,w443361176_0,1,8,123.4796972,41.7614404
building,w443361182_0,1,0,123.4796731,41.7612183
building,w443361182_0,1,1,123.4798320,41.7612146
building,w443361182_0,1,2,123.4798335,41.7612507
building,w443361182_0,1,3,123.4800312,41.7612461
building,w443361182_0,1,4,123.4800262,41.7611264
building,w443361182_0,1,5,123.4798590,41.7611304
building,w443361182_0,1,6,123.4798576,41.7610971
building,w443361182_0,1,7,123.4796682,41.7611015
building,w443361182_0,1,8,123.4796731,41.7612183
building,w443361185_0,1,0,123.4792600,41.7612243
building,w443361185_0,1,1,123.4794189,41.7612206
building,w443361185_0,1,2,123.4794204,41.7612567
building,w443361185_0,1,3,123.4796181,41.7612521
building,w443361185_0,1,4,123.4796131,41.7611324
building,w443361185_0,1,5,123.4794460,41.7611364
building,w443361185_0,1,6,123.4794446,41.7611031
building,w443361185_0,1,7,123.4792551,41.7611075
building,w443361185_0,1,8,123.4792600,41.7612243
building,w479391716_0,1,0,123.4586397,41.7471090
building,w479391716_0,1,1,123.4590635,41.7471090
building,w479391716_0,1,2,123.4590635,41.7468869
building,w479391716_0,1,3,123.4586397,41.7468869
building,w479391716_0,1,4,123.4586397,41.7471090
building,w479391717_0,1,0,123.4581623,41.7475252
building,w479391717_0,1,1,123.4585488,41.7475234
building,w479391717_0,1,2,123.4585462,41.7472132
building,w479391717_0,1,3,123.4581596,41.7472150
building,w479391717_0,1,4,123.4581623,41.7475252
building,w479391718_0,1,0,123.4586344,41.7479154
building,w479391718_0,1,1,123.4590616,41.7479098
building,w479391718_0,1,2,123.4590562,41.7476837
building,w479391718_0,1,3,123.4586290,41.7476893
building,w479391718_0,1,4,123.4586344,41.7479154
road,w511496362_0,0,0,123.4656614,41.7468752
road,w511496362_0,0,1,123.4654774,41.7449118
road,w511496362_0,0,2,123.4654550,41.7444523
road,w511496362_0,0,3,123.4654814,41.7433641
road,w511496362_0,0,4,123.4654660,41.7431042
road,w511496362_0,0,5,123.4654581,41.7429712
road,w511496362_0,0,6,123.4654526,41.7429145
road,w511496362_0,0,7,123.4654462,41.7428484
road,w511496362_0,0,8,123.4654329,41.7427103
road,w511496362_0,0,9,123.4654277,41.7426736
road,w511496362_0,0,10,123.4653130,41.7415805
road,w511496362_0,0,11,123.4652782,41.7409050
road,w511496362_0,0,12,123.4650961,41.7369656
road,w511496362_0,0,13,123.4650972,41.7363404
road,w511496362_0,0,14,123.4650977,41.7360852
road,w511496367_0,0,0,123.4359259,41.7487910
road,w511496367_0,0,1,123.4364413,41.7484046
road,w511496367_0,0,2,123.4366229,41.7482663
road,w511496367_0,0,3,123.4366984,41.7482088
road,w511496367_0,0,4,123.4370293,41.7479447
road,w511496367_0,0,5,123.4411186,41.7446815
footway,w543205000_0,0,0,123.4412431,41.7449757
footway,w543205000_0,0,1,123.4419565,41.7444124
footway,w543205000_0,0,2,123.4421374,41.7442659
footway,w543205000_0,0,3,123.4425215,41.7439537
footway,w543205000_0,0,4,123.4428162,41.7437287
footway,w543205000_0,0,5,123.4431924,41.7434545
road,w555942250_0,0,0,123.4664507,41.7612357
road,w555942250_0,0,1,123.4664524,41.7613166
road,w555942250_0,0,2,123.4664371,41.7614479
road,w555942250_0,0,3,123.4660968,41.7633503
road,w555942250_0,0,4,123.4659827,41.7650619
road,w555942250_0,0,5,123.4660564,41.7665394
road,w555942250_0,0,6,123.4660663,41.7666800
road,w555942250_0,0,7,123.4661530,41.7679939
road,w555942252_0,0,0,123.4428017,41.7551919
road,w555942252_0,0,1,123.4452698,41.7558662
road,w555942252_0,0,2,123.4460212,41.7560895
road,w555942252_0,0,3,123.4473041,41.7564594
road,w555942252_0,0,4,123.4487479,41.7567652
road,w555942252_0,0,5,123.4498476,41.7570651
road,w555942252_0,0,6,123.4517633,41.7574100
road,w555942252_0,0,7,123.4535546,41.7576859
road,w555942253_0,0,0,123.4663127,41.7612431
road,w555942253_0,0,1,123.4663326,41.7612120
road,w555942253_0,0,2,123.4662468,41.7590671
road,w555942253_0,0,3,123.4662470,41.7590444
road,w555942253_0,0,4,123.4662508,41.7585744
road,w555942253_0,0,5,123.4662513,41.7585113
road,w555942266_0,0,0,123.4398548,41.7532717
road,w555942266_0,0,1,123.4403501,41.7533590
road,w555942266_0,0,2,123.4406167,41.7534696
road,w555942266_0,0,3,123.4407995,41.7535777
road,w555942266_0,0,4,123.4409045,41.7537280
road,w555942266_0,0,5,123.4412107,41.7540968
road,w555942266_0,0,6,123.4414685,41.7543111
road,w555942266_0,0,7,123.4422447,41.7546985
road,w555942266_0,0,8,123.4423637,41.7547398
road,w555942266_0,0,9,123.4424904,41.7547858
road,w555942266_0,0,10,123.4430131,41.7549623
road,w555942266_0,0,11,123.4438785,41.7552339
road,w555942266_0,0,12,123.4459116,41.7558181
road,w555942266_0,0,13,123.4467484,41.7560743
road,w555942266_0,0,14,123.4475799,41.7562824
road,w555942266_0,0,15,123.4480547,41.7563844
road,w555942266_0,0,16,123.4492804,41.7566285
road,w555942266_0,0,17,123.4504884,41.7568524
road,w555942266_0,0,18,123.4513760,41.7570061
road,w555942266_0,0,19,123.4515147,41.7570247
road,w555942266_0,0,20,123.4521987,41.7570827
road,w555942266_0,0,21,123.4528665,41.7570987
road,w555942266_0,0,22,123.4533941,41.7570942
road,w555942266_0,0,23,123.4537976,41.7571142
road,w555942266_0,0,24,123.4538600,41.7571173
road,w555942266_0,0,25,123.4539528,41.7571342
road,w555942266_0,0,26,123.4546368,41.7572589
road,w555942266_0,0,27,123.4553928,41.7574518
road,w555942266_0,0,28,123.4559169,41.7575611
road,w555942266_0,0,29,123.4565321,41.7576538
road,w555942266_0,0,30,123.4573803,41.7576913
road,w555942266_0,0,31,123.4583513,41.7577205
road,w555942266_0,0,32,123.4584308,41.7577289
road,w555942266_0,0,33,123.4610248,41.7578246
road,w555942273_0,0,0,123.4415086,41.7547520
road,w555942273_0,0,1,123.4420853,41.7549776
road,w555942273_0,0,2,123.4424684,41.7550960
road,w555942273_0,0,3,123.4428017,41.7551919
road,w555942294_0,0,0,123.4663506,41.7584943
road,w555942294_0,0,1,123.4663533,41.7586075
road,w555942294_0,0,2,123.4663640,41.7590646
road,w555942294_0,0,3,123.4664501,41.7612161
road,w555942294_0,0,4,123.4664507,41.7612357
road,w555942300_0,0,0,123.4427242,41.7553051
road,w555942300_0,0,1,123.4423527,41.7551991
road,w555942300_0,0,2,123.4420043,41.7550815
road,w555942300_0,0,3,123.4413875,41.7548479
road,w555942311_0,0,0,123.4882920,41.7610454
road,w555942311_0,0,1,123.4882975,41.7609262
road,w555942311_0,0,2,123.4882944,41.7608586
road,w555942311_0,0,3,123.4882663,41.7608120
road,w555942311_0,0,4,123.4881913,41.7607985
road,w555942311_0,0,5,123.4846081,41.7608769
road,w555942311_0,0,6,123.4819750,41.7609443
road,w555942311_0,0,7,123.4789617,41.7610130
road,w555942311_0,0,8,123.4758951,41.7611001
road,w555942311_0,0,9,123.4718193,41.7612158
road,w555942311_0,0,10,123.4664524,41.7613166
road,w555942311_0,0,11,123.4664487,41.7613167
road,w555942311_0,0,12,123.4663251,41.7613320
road,w555942311_0,0,13,123.4662967,41.7613329
road,w555942311_0,0,14,123.4590311,41.7615632
road,w555942311_0,0,15,123.4536904,41.7617114
road,w555942311_0,0,16,123.4496375,41.7618244
road,w555942311_0,0,17,123.4466138,41.7619087
road,w555942311_0,0,18,123.4435146,41.7619951
road,w555942311_0,0,19,123.4434892,41.7619958
road,w555942311_0,0,20,123.4433848,41.7620053
road,w555942311_0,0,21,123.4390825,41.7623984
road,w555942311_0,0,22,123.4373299,41.7625588
road,w555942311_0,0,23,123.4363706,41.7626466
road,w555942311_0,0,24,123.4360865,41.7626677
road,w555942319_0,0,0,123.4405012,41.7544376
road,w555942319_0,0,1,123.4390346,41.7538912
road,w555942334_0,0,0,123.4413875,41.7548479
road,w555942334_0,0,1,123.4405012,41.7544376
road,w555942334_0,0,2,123.4399620,41.7541576
road,w555942334_0,0,3,123.4387181,41.7536175
road,w555942334_0,0,4,123.4371355,41.7529934
road,w555942334_0,0,5,123.4366813,41.7527939
road,w555942334_0,0,6,123.4339224,41.7518699
road,w555942334_0,0,7,123.4333582,41.7517186
road,w555942334_0,0,8,123.4323792,41.7514209
road,w555942334_0,0,9,123.4305824,41.7510299
road,w555942334_0,0,10,123.4300830,41.7509910
road,w555942334_0,0,11,123.4295470,41.7509583
road,w555942334_0,0,12,123.4290810,41.7509344
road,w555942334_0,0,13,123.4284668,41.7509566
road,w555942334_0,0,14,123.4270486,41.7510612
road,w555942334_0,0,15,123.4266032,41.7511421
road,w555942334_0,0,16,123.4252709,41.7513855
road,w555942334_0,0,17,123.4249569,41.7514623
road,w555942334_0,0,18,123.4246535,41.7515487
road,w555942334_0,0,19,123.4243777,41.7516330
road,w555942334_0,0,20,123.4241156,41.7517355
road,w555942334_0,0,21,123.4230654,41.7521806
road,w555942334_0,0,22,123.4223811,41.7525427
road,w555942334_0,0,23,123.4221465,41.7526876
road,w555942334_0,0,24,123.4218151,41.7529172
road,w555942334_0,0,25,123.4215938,41.7530860
road,w555942334_0,0,26,123.4213928,41.7532487
road,w555942334_0,0,27,123.4209563,41.7536321
road,w555942334_0,0,28,123.4206029,41.7539432
road,w555942334_0,0,29,123.4204157,41.7541320
road,w555942334_0,0,30,123.4202024,41.7543737
road,w555942334_0,0,31,123.4198111,41.7548573
road,w555942334_0,0,32,123.4195096,41.7552377
road,w555942334_0,0,33,123.4192711,41.7555252
road,w555942334_0,0,34,123.4189979,41.7558175
road,w555942334_0,0,35,123.4187993,41.7560066
park,w567464530_0,1,0,123.4483220,41.7619674
park,w567464530_0,1,1,123.4483252,41.7620072
park,w567464530_0,1,2,123.4483751,41.7620129
park,w567464530_0,1,3,123.4483805,41.7624470
park,w567464530_0,1,4,123.4484420,41.7626276
park,w567464530_0,1,5,123.4484769,41.7632359
park,w567464530_0,1,6,123.4484333,41.7632730
park,w567464530_0,1,7,123.4484433,41.7637822
park,w567464530_0,1,8,123.4484829,41.7643174
park,w567464530_0,1,9,123.4474334,41.7643664
park,w567464530_0,1,10,123.4474180,41.7643954
park,w567464530_0,1,11,123.4472819,41.7644044
park,w567464530_0,1,12,123.4468702,41.7644244
park,w567464530_0,1,13,123.4468594,41.7645304
park,w567464530_0,1,14,123.4465081,41.7646795
park,w567464530_0,1,15,123.4465027,41.7647125
park,w567464530_0,1,16,123.4463676,41.7647265
park,w567464530_0,1,17,123.4463210,41.7647705
park,w567464530_0,1,18,123.4457718,41.7647765
park,w567464530_0,1,19,123.4456727,41.7647146
park,w567464530_0,1,20,123.4456310,41.7646885
park,w567464530_0,1,21,123.4455085,41.7646923
park,w567464530_0,1,22,123.4454919,41.7646446
park,w567464530_0,1,23,123.4454957,41.7641636
park,w567464530_0,1,24,123.4454873,41.7639654
park,w567464530_0,1,25,123.4454623,41.7633668
park,w567464530_0,1,26,123.4458920,41.7633738
park,w567464530_0,1,27,123.4462949,41.7633512
park,w567464530_0,1,28,123.4463498,41.7633521
park,w567464530_0,1,29,123.4462962,41.7628959
park,w567464530_0,1,30,123.4465859,41.7628879
park,w567464530_0,1,31,123.4466018,41.7624810
park,w567464530_0,1,32,123.4467120,41.7624775
park,w567464530_0,1,33,123.4467088,41.7623660
park,w567464530_0,1,34,123.4469570,41.7623590
park,w567464530_0,1,35,123.4471395,41.7622771
park,w567464530_0,1,36,123.4472052,41.7620838
park,w567464530_0,1,37,123.4478937,41.7620692
park,w567464530_0,1,38,123.4478929,41.7619893
park,w567464530_0,1,39,123.4483220,41.7619674
footway,w639085961_0,0,0,123.4371012,41.7484739
footway,w639085961_0,0,1,123.4381839,41.7493295
footway,w639085961_0,0,2,123.4389876,41.7499206
footway,w639085961_0,0,3,123.4391647,41.7502048
footway,w639085961_0,0,4,123.4392234,41.7503401
footway,w639085961_0,0,5,123.4393363,41.7505090
footway,w639085961_0,0,6,123.4395131,41.7506162
footway,w639085961_0,0,7,123.4396636,41.7507131
footway,w639085961_0,0,8,123.4397655,41.7508491
footway,w639085961_0,0,9,123.4399854,41.7510052
footway,w639085961_0,0,10,123.4402268,41.7510532
footway,w639085961_0,0,11,123.4403821,41.7511085
footway,w639085961_0,0,12,123.4404688,41.7512529
footway,w639085961_0,0,13,123.4405009,41.7512763
footway,w639085961_0,0,14,123.4406345,41.7513734
footway,w639085961_0,0,15,123.4407686,41.7514334
footway,w639085961_0,0,16,123.4409027,41.7515975
footway,w639085961_0,0,17,123.4410529,41.7516776
footway,w639085961_0,0,18,123.4412450,41.7517448
footway,w639085961_0,0,19,123.4415840,41.7518256
footway,w639085961_0,0,20,123.4417447,41.7519289
footway,w639085961_0,0,21,123.4419971,41.7520578
footway,w639085961_0,0,22,123.4424745,41.7523499
footway,w639085961_0,0,23,123.4427374,41.7524620
footway,w639085961_0,0,24,123.4428822,41.7524980
footway,w639085961_0,0,25,123.4429949,41.7525500
footway,w639085961_0,0,26,123.4430965,41.7526533
footway,w639085961_0,0,27,123.4436332,41.7529022
footway,w639085961_0,0,28,123.4439503,41.7530416
footway,w639085961_0,0,29,123.4444560,41.7532639
footway,w639085961_0,0,30,123.4448349,41.7534304
road,w651491809_0,0,0,123.4535271,41.7577978
road,w651491809_0,0,1,123.4531362,41.7577482
road,w651491809_0,0,2,123.4498419,41.7571930
road,w651491809_0,0,3,123.4470730,41.7565092
road,w651491809_0,0,4,123.4452821,41.7560084
road,w651491809_0,0,5,123.4427242,41.7553051
road,w651491810_0,0,0,123.4539286,41.7578489
road,w651491810_0,0,1,123.4536850,41.7578169
road,w651491810_0,0,2,123.4535271,41.7577978
road,w651491811_0,0,0,123.4535546,41.7576859
road,w651491811_0,0,1,123.4538512,41.7577218
road,w651491811_0,0,2,123.4539572,41.7577316
road,w651491812_0,0,0,123.4539572,41.7577316
road,w651491812_0,0,1,123.4557163,41.7578876
road,w651491812_0,0,2,123.4585288,41.7580661
road,w651491812_0,0,3,123.4597879,41.7580800
road,w651491812_0,0,4,123.4615606,41.7580857
road,w651491812_0,0,5,123.4619303,41.7580868
road,w651491812_0,0,6,123.4634990,41.7581123
road,w651491812_0,0,7,123.4641341,41.7581171
road,w651491812_0,0,8,123.4660990,41.7581318
road,w651621023_0,0,0,123.4610248,41.7578246
road,w651621023_0,0,1,123.4616379,41.7577985
road,w651621023_0,0,2,123.4618165,41.7577788
road,w651621023_0,0,3,123.4619956,41.7577591
road,w651621023_0,0,4,123.4623412,41.7576893
road,w651621023_0,0,5,123.4626055,41.7576317
road,w651621023_0,0,6,123.4629551,41.7576195
road,w651621023_0,0,7,123.4633454,41.7576315
road,w651621023_0,0,8,123.4638171,41.7576555
road,w651621024_0,0,0,123.4659232,41.7577327
road,w651621024_0,0,1,123.4655163,41.7577591
road,w651621024_0,0,2,123.4643008,41.7579319
road,w651621024_0,0,3,123.4638332,41.7579713
road,w651621024_0,0,4,123.4634348,41.7579926
road,w651621024_0,0,5,123.4629429,41.7579956
road,w651621024_0,0,6,123.4625811,41.7579926
road,w651621024_0,0,7,123.4623737,41.7579774
road,w651621025_0,0,0,123.4620363,41.7579471
road,w651621025_0,0,1,123.4618402,41.7579247
road,w651621025_0,0,2,123.4614793,41.7578834
road,w651621025_0,0,3,123.4610248,41.7578246
road,w651621026_0,0,0,123.4623737,41.7579774
road,w651621026_0,0,1,123.4620363,41.7579471
road,w651621027_0,0,0,123.4618402,41.7579247
road,w651621027_0,0,1,123.4617924,41.7578804
road,w651621027_0,0,2,123.4617842,41.7578440
road,w651621027_0,0,3,123.4617924,41.7578076
road,w651621027_0,0,4,123.4618165,41.7577788
road,w758335282_0,0,0,123.4656539,41.7430252
road,w758335282_0,0,1,123.4657051,41.7444523
road,w758335282_0,0,2,123.4657230,41.7449102
road,w758335282_0,0,3,123.4657525,41.7461605
road,w758335282_0,0,4,123.4658135,41.7468524
building,w759141463_0,1,0,123.4582186,41.7550272
building,w759141463_0,1,1,123.4581086,41.7549192
building,w759141463_0,1,2,123.4580253,41.7549664
building,w759141463_0,1,3,123.4581353,41.7550744
building,w759141463_0,1,4,123.4582186,41.7550272
building,w812998896_0,1,0,123.4439925,41.7606328
building,w812998896_0,1,1,123.4449442,41.7606365
building,w812998896_0,1,2,123.4449446,41.7605266
building,w812998896_0,1,3,123.4439946,41.7605210
building,w812998896_0,1,4,123.4439925,41.7606328
building,w813005245_0,1,0,123.4432649,41.7606356
building,w813005245_0,1,1,123.4433459,41.7606363
building,w813005245_0,1,2,123.4434204,41.7606354
building,w813005245_0,1,3,123.4436953,41.7606322
building,w813005245_0,1,4,123.4438882,41.7606300
building,w813005245_0,1,5,123.4438995,41.7597878
building,w813005245_0,1,6,123.4437505,41.7597843
building,w813005245_0,1,7,123.4437451,41.7596754
building,w813005245_0,1,8,123.4431587,41.7596795
building,w813005245_0,1,9,123.4431579,41.7597557
building,w813005245_0,1,10,123.4431582,41.7597650
building,w813005245_0,1,11,123.4432814,41.7597658
building,w813005245_0,1,12,123.4432699,41.7600999
building,w813005245_0,1,13,123.4432401,41.7601203
building,w813005245_0,1,14,123.4432301,41.7601870
building,w813005245_0,1,15,123.4432312,41.7602252
building,w813005245_0,1,16,123.4432094,41.7602267
building,w813005245_0,1,17,123.4432026,41.7602363
building,w813005245_0,1,18,123.4432033,41.7602898
building,w813005245_0,1,19,123.4432273,41.7602887
building,w813005245_0,1,20,123.4432282,41.7603524
building,w813005245_0,1,21,123.4431978,41.7603742
building,w813005245_0,1,22,123.4432003,41.7604336
building,w813005245_0,1,23,123.4432326,41.7604336
building,w813005245_0,1,24,123.4432301,41.7605188
building,w813005245_0,1,25,123.4432674,41.7605207
building,w813005245_0,1,26,123.4432649,41.7606356
building,w813007685_0,1,0,123.4433870,41.7609570
building,w813007685_0,1,1,123.4433925,41.7608608
building,w813007685_0,1,2,123.4433937,41.7608394
building,w813007685_0,1,3,123.4435668,41.7608379
building,w813007685_0,1,4,123.4438975,41.7608351
building,w813007685_0,1,5,123.4438947,41.7608479
building,w813007685_0,1,6,123.4449316,41.7608394
building,w813007685_0,1,7,123.4449326,41.7609515
building,w813007685_0,1,8,123.4435635,41.7609564
building,w813007685_0,1,9,123.4434811,41.7609567
building,w813007685_0,1,10,123.4433870,41.7609570
building,w813010957_0,1,0,123.4439939,41.7602023
building,w813010957_0,1,1,123.4447891,41.7602105
building,w813010957_0,1,2,123.4452218,41.7602123
building,w813010957_0,1,3,123.4452346,41.7605735
building,w813010957_0,1,4,123.4450776,41.7605730
building,w813010957_0,1,5,123.4450767,41.7605413
building,w813010957_0,1,6,123.4450848,41.7604307
building,w813010957_0,1,7,123.4450709,41.7604238
building,w813010957_0,1,8,123.4450706,41.7604042
building,w813010957_0,1,9,123.4450789,41.7603404
building,w813010957_0,1,10,123.4451122,41.7603379
building,w813010957_0,1,11,123.4451135,41.7603116
building,w813010957_0,1,12,123.4439951,41.7603105
building,w813010957_0,1,13,123.4439939,41.7602023
building,w813010958_0,1,0,123.4439851,41.7600008
building,w813010958_0,1,1,123.4448374,41.7599959
building,w813010958_0,1,2,123.4448366,41.7598792
building,w813010958_0,1,3,123.4439867,41.7598853
building,w813010958_0,1,4,123.4439851,41.7600008
building,w813010960_0,1,0,123.4437429,41.7595640
building,w813010960_0,1,1,123.4437451,41.7596754
building,w813010960_0,1,2,123.4431587,41.7596795
building,w813010960_0,1,3,123.4431579,41.7597557
building,w813010960_0,1,4,123.4430182,41.7597541
building,w813010960_0,1,5,123.4430220,41.7596417
building,w813010960_0,1,6,123.4429655,41.7596389
building,w813010960_0,1,7,123.4429617,41.7594844
building,w813010960_0,1,8,123.4431155,41.7594844
building,w813010960_0,1,9,123.4431098,41.7596328
building,w813010960_0,1,10,123.4431604,41.7596343
building,w813010960_0,1,11,123.4431631,41.7595664
building,w813010960_0,1,12,123.4437429,41.7595640
building,w813010961_0,1,0,123.4438436,41.7596790
building,w813010961_0,1,1,123.4447355,41.7596802
building,w813010961_0,1,2,123.4447437,41.7595677
building,w813010961_0,1,3,123.4438436,41.7595652
building,w813010961_0,1,4,123.4438436,41.7596790
building,w813010963_0,1,0,123.4447903,41.7596974
building,w813010963_0,1,1,123.4457010,41.7596837
building,w813010963_0,1,2,123.4457010,41.7595724
building,w813010963_0,1,3,123.4447903,41.7595740
building,w813010963_0,1,4,123.4447903,41.7596974
building,w813010964_0,1,0,123.4448915,41.7600003
building,w813010964_0,1,1,123.4457182,41.7599989
building,w813010964_0,1,2,123.4457201,41.7598823
building,w813010964_0,1,3,123.4456090,41.7598710
building,w813010964_0,1,4,123.4456071,41.7598865
building,w813010964_0,1,5,123.4453585,41.7598893
building,w813010964_0,1,6,123.4453566,41.7598781
building,w813010964_0,1,7,123.4451438,41.7598823
building,w813010964_0,1,8,123.4451363,41.7599286
building,w813010964_0,1,9,123.4450610,41.7599258
building,w813010964_0,1,10,123.4450534,41.7598823
building,w813010964_0,1,11,123.4448915,41.7598851
building,w813010964_0,1,12,123.4448915,41.7600003
road,w813015035_0,0,0,123.4467513,41.7685911
road,w813015035_0,0,1,123.4467512,41.7685323
road,w813015035_0,0,2,123.4467449,41.7684452
road,w813015035_0,0,3,123.4467449,41.7683808
road,w813015035_0,0,4,123.4468098,41.7680544
road,w813015035_0,0,5,123.4453984,41.7657689
road,w813015035_0,0,6,123.4444457,41.7642268
road,w813015035_0,0,7,123.4441107,41.7636845
road,w813015035_0,0,8,123.4439134,41.7633874
road,w813015035_0,0,9,123.4433848,41.7620053
road,w813015035_0,0,10,123.4433587,41.7619179
road,w813015035_0,0,11,123.4431169,41.7611374
road,w813015035_0,0,12,123.4430751,41.7610025
road,w813015035_0,0,13,123.4427851,41.7600663
road,w813015035_0,0,14,123.4426547,41.7596454
road,w813015035_0,0,15,123.4426229,41.7595297
road,w813015035_0,0,16,123.4423593,41.7585959
road,w813015035_0,0,17,123.4422209,41.7580410
road,w813015035_0,0,18,123.4421327,41.7576722
road,w813015035_0,0,19,123.4420873,41.7573310
road,w813015035_0,0,20,123.4420527,41.7564590
road,w813015035_0,0,21,123.4420131,41.7555505
road,w813015035_0,0,22,123.4420653,41.7552263
road,w813291860_0,0,0,123.4420653,41.7552263
road,w813291860_0,0,1,123.4423637,41.7547398
footway,w813297209_0,0,0,123.4499148,41.7544965
footway,w813297209_0,0,1,123.4500474,41.7545471
footway,w813297209_0,0,2,123.4502062,41.7546271
footway,w813297209_0,0,3,123.4504081,41.7547222
footway,w813297209_0,0,4,123.4506257,41.7547611
footway,w813297209_0,0,5,123.4507595,41.7547882
footway,w813297209_0,0,6,123.4509610,41.7547591
footway,w813297209_0,0,7,123.4511702,41.7547431
footway,w813297209_0,0,8,123.4515350,41.7547291
footway,w813297209_0,0,9,123.4520983,41.7547651
footway,w813297209_0,0,10,123.4522615,41.7547762
footway,w813297209_0,0,11,123.4529984,41.7547185
footway,w813297209_0,0,12,123.4532926,41.7547111
footway,w813297209_0,0,13,123.4537662,41.7546981
footway,w813297209_0,0,14,123.4539276,41.7546810
footway,w813297209_0,0,15,123.4543996,41.7546231
footway,w813297209_0,0,16,123.4545536,41.7546404
footway,w813297209_0,0,17,123.4547173,41.7547919
footway,w813297209_0,0,18,123.4549541,41.7549485
footway,w813297209_0,0,19,123.4551772,41.7551518
footway,w813297209_0,0,20,123.4553118,41.7553008
footway,w813297209_0,0,21,123.4554994,41.7554727
footway,w813297209_0,0,22,123.4555749,41.7555421
footway,w813297209_0,0,23,123.4556678,41.7555745
footway,w813297209_0,0,24,123.4558131,41.7555314
footway,w813297209_0,0,25,123.4560760,41.7554534
footway,w813297209_0,0,26,123.4563680,41.7553685
footway,w813297209_0,0,27,123.4565793,41.7553435
footway,w813297209_0,0,28,123.4567551,41.7553390
footway,w813297209_0,0,29,123.4570162,41.7553911
footway,w813297209_0,0,30,123.4571378,41.7554438
footway,w813297209_0,0,31,123.4572703,41.7554849
footway,w813297209_0,0,32,123.4573916,41.7555608
footway,w813297209_0,0,33,123.4575995,41.7557155
footway,w813297209_0,0,34,123.4577482,41.7558421
footway,w813297209_0,0,35,123.4578883,41.7559296
footway,w813297209_0,0,36,123.4579550,41.7559697
footway,w813297209_0,0,37,123.4580340,41.7559976
footway,w813297209_0,0,38,123.4581198,41.7560397
footway,w813297209_0,0,39,123.4582321,41.7560468
footway,w813297209_0,0,40,123.4583264,41.7559936
footway,w813297209_0,0,41,123.4584735,41.7558907
footway,w813297209_0,0,42,123.4585647,41.7558047
footway,w813297209_0,0,43,123.4586321,41.7557495
footway,w813297209_0,0,44,123.4587498,41.7557166
footway,w813297209_0,0,45,123.4589938,41.7556646
footway,w813297209_0,0,46,123.4591605,41.7555855
footway,w813297209_0,0,47,123.4593107,41.7554674
footway,w813297209_0,0,48,123.4595812,41.7552984
footway,w813297209_0,0,49,123.4603623,41.7548407
footway,w813297209_0,0,50,123.4605091,41.7547497
footway,w813297209_0,0,51,123.4606653,41.7546530
road,w904262590_0,0,0,123.4646692,41.7481660
road,w904262590_0,0,1,123.4648614,41.7481529
road,w904262590_0,0,2,123.4652817,41.7481150
road,w904262590_0,0,3,123.4654688,41.7481109
road,w904262590_0,0,4,123.4662280,41.7481192
road,w904262590_0,0,5,123.4666630,41.7481684
road,w904262590_0,0,6,123.4669931,41.7482196
road,w904262590_0,0,7,123.4705026,41.7482190
road,w904262590_0,0,8,123.4755900,41.7482146
road,w904262590_0,0,9,123.4810665,41.7482175
road,w904262590_0,0,10,123.4812190,41.7482176
road,w904262590_0,0,11,123.4839348,41.7481872
road,w904262590_0,0,12,123.4849728,41.7481924
road,w904262590_0,0,13,123.4860253,41.7482510
road,w904262590_0,0,14,123.4868643,41.7483270
road,w904262590_0,0,15,123.4870399,41.7483476
road,w904262590_0,0,16,123.4879551,41.7484763
road,w904262590_0,0,17,123.4890214,41.7486688
road,w904262590_0,0,18,123.4897944,41.7488148
road,w904262590_0,0,19,123.4911902,41.7490855
road,w904262590_0,0,20,123.4922115,41.7492832
road,w904262590_0,0,21,123.4927226,41.7494124
road,w904262590_0,0,22,123.4928294,41.7494369
road,w905435949_0,0,0,123.4468958,41.7461746
road,w905435949_0,0,1,123.4476154,41.7465029
road,w905435949_0,0,2,123.4488231,41.7469892
road,w905435949_0,0,3,123.4505043,41.7475303
road,w905435949_0,0,4,123.4510985,41.7476955
road,w905435950_0,0,0,123.4510985,41.7476955
road,w905435950_0,0,1,123.4517510,41.7478281
road,w905435950_0,0,2,123.4520018,41.7478790
road,w905435950_0,0,3,123.4524439,41.7479688
road,w905435950_0,0,4,123.4529541,41.7480725
road,w905435950_0,0,5,123.4530502,41.7480896
road,w905435951_0,0,0,123.4530502,41.7480896
road,w905435951_0,0,1,123.4536009,41.7481492
road,w905435951_0,0,2,123.4543223,41.7481925
road,w905435951_0,0,3,123.4568212,41.7482136
road,w905435952_0,0,0,123.4542493,41.7455953
road,w905435952_0,0,1,123.4543095,41.7458349
road,w905435952_0,0,2,123.4542932,41.7460685
road,w905435952_0,0,3,123.4542322,41.7462687
road,w905435952_0,0,4,123.4541468,41.7464962
road,w905435952_0,0,5,123.4538866,41.7469056
road,w905435952_0,0,6,123.4536468,41.7471999
road,w905435952_0,0,7,123.4532443,41.7475517
road,w905435952_0,0,8,123.4529882,41.7477064
road,w905435952_0,0,9,123.4527077,41.7478429
road,w905435952_0,0,10,123.4524439,41.7479688
road,w905435953_0,0,0,123.4529882,41.7477064
road,w905435953_0,0,1,123.4528987,41.7478308
road,w905435953_0,0,2,123.4528906,41.7479309
road,w905435953_0,0,3,123.4529028,41.7479915
road,w905435953_0,0,4,123.4529541,41.7480725
road,w905435954_0,0,0,123.4520018,41.7478790
road,w905435954_0,0,1,123.4520247,41.7478186
road,w905435954_0,0,2,123.4520613,41.7477640
road,w905435954_0,0,3,123.4522686,41.7476670
road,w905435954_0,0,4,123.4525776,41.7475153
road,w905435954_0,0,5,123.4528378,41.7473728
road,w905435954_0,0,6,123.4531223,41.7471271
road,w905435954_0,0,7,123.4533337,41.7469420
road,w905435954_0,0,8,123.4535492,41.7466569
road,w905435954_0,0,9,123.4536996,41.7463718
road,w905435954_0,0,10,123.4538135,41.7460685
road,w905435954_0,0,11,123.4539314,41.7458804
road,w905435954_0,0,12,123.4540797,41.7456889
road,w905435955_0,0,0,123.4517510,41.7478281
road,w905435955_0,0,1,123.4518905,41.7478035
road,w905435955_0,0,2,123.4520613,41.7477640
road,w905438686_0,0,0,123.4568212,41.7482136
road,w905438686_0,0,1,123.4572478,41.7482080
road,w905438686_0,0,2,123.4575681,41.7482134
road,w905438686_0,0,3,123.4578118,41.7482096
road,w905438686_0,0,4,123.4587359,41.7482348
road,w905438687_0,0,0,123.4587359,41.7482348
road,w905438687_0,0,1,123.4590106,41.7482316
road,w905438687_0,0,2,123.4602582,41.7482157
road,w905438688_0,0,0,123.4602582,41.7482157
road,w905438688_0,0,1,123.4606455,41.7482002
road,w905438688_0,0,2,123.4609958,41.7481970
road,w905438689_0,0,0,123.4609958,41.7481970
road,w905438689_0,0,1,123.4646692,41.7481660
park,w905438696_0,1,0,123.4663249,41.7538188
park,w905438696_0,1,1,123.4663414,41.7527471
park,w905438696_0,1,2,123.4691729,41.7525863
park,w905438696_0,1,3,123.4737629,41.7529710
park,w905438696_0,1,4,123.4738101,41.7529750
park,w905438696_0,1,5,123.4741086,41.7530184
park,w905438696_0,1,6,123.4744090,41.7529944
park,w905438696_0,1,7,123.4747470,41.7530384
park,w905438696_0,1,8,123.4750796,41.7531225
park,w905438696_0,1,9,123.4754176,41.7532345
park,w905438696_0,1,10,123.4756018,41.7532712
park,w905438696_0,1,11,123.4813270,41.7541786
park,w905438696_0,1,12,123.4815062,41.7544551
park,w905438696_0,1,13,123.4816295,41.7545071
park,w905438696_0,1,14,123.4817798,41.7545071
park,w905438696_0,1,15,123.4820533,41.7544111
park,w905438696_0,1,16,123.4823245,41.7543325
park,w905438696_0,1,17,123.4834505,41.7545063
park,w905438696_0,1,18,123.4894718,41.7554356
park,w905438696_0,1,19,123.4902850,41.7556130
park,w905438696_0,1,20,123.4937884,41.7564265
park,w905438696_0,1,21,123.4914105,41.7568057
park,w905438696_0,1,22,123.4912214,41.7564115
park,w905438696_0,1,23,123.4901375,41.7561119
park,w905438696_0,1,24,123.4899873,41.7561319
park,w905438696_0,1,25,123.4898103,41.7562760
park,w905438696_0,1,26,123.4893919,41.7574645
park,w905438696_0,1,27,123.4862000,41.7569362
park,w905438696_0,1,28,123.4863234,41.7565161
park,w905438696_0,1,29,123.4860016,41.7564640
park,w905438696_0,1,30,123.4834964,41.7559198
park,w905438696_0,1,31,123.4812219,41.7556477
park,w905438696_0,1,32,123.4789366,41.7551995
park,w905438696_0,1,33,123.4774238,41.7550034
park,w905438696_0,1,34,123.4771717,41.7549474
park,w905438696_0,1,35,123.4765119,41.7549514
park,w905438696_0,1,36,123.4764904,41.7548193
park,w905438696_0,1,37,123.4754068,41.7548113
park,w905438696_0,1,38,123.4754122,41.7549193
park,w905438696_0,1,39,123.4747309,41.7549073
park,w905438696_0,1,40,123.4747309,41.7547873
park,w905438696_0,1,41,123.4732772,41.7547633
park,w905438696_0,1,42,123.4732825,41.7545992
park,w905438696_0,1,43,123.4723169,41.7545952
park,w905438696_0,1,44,123.4723169,41.7546632
park,w905438696_0,1,45,123.4720541,41.7546632
park,w905438696_0,1,46,123.4720541,41.7547313
park,w905438696_0,1,47,123.4713769,41.7547492
park,w905438696_0,1,48,123.4712977,41.7547513
park,w905438696_0,1,49,123.4713138,41.7539709
park,w905438696_0,1,50,123.4710831,41.7539669
park,w905438696_0,1,51,123.4709061,41.7538628
park,w905438696_0,1,52,123.4686101,41.7537988
park,w905438696_0,1,53,123.4665105,41.7538172
park,w905438696_0,1,54,123.4663249,41.7538188
building,w1215632898_0,1,0,123.4667686,41.7574596
building,w1215632898_0,1,1,123.4674914,41.7574596
building,w1215632898_0,1,2,123.4674903,41.7564897
building,w1215632898_0,1,3,123.4667679,41.7564902
building,w1215632898_0,1,4,123.4667686,41.7574596
road,w1295175404_0,0,0,123.4928000,41.7495067
road,w1295175404_0,0,1,123.4921867,41.7493560
road,w1295175404_0,0,2,123.4915610,41.7492307
road,w1295175404_0,0,3,123.4905993,41.7490392
road,w1295175404_0,0,4,123.4904318,41.7490089
road,w1295175404_0,0,5,123.4897998,41.7488791
road,w1295175404_0,0,6,123.4892567,41.7487806
road,w1295175404_0,0,7,123.4878119,41.7485468
road,w1295175404_0,0,8,123.4872386,41.7484690
road,w1295175404_0,0,9,123.4866471,41.7484073
road,w1295175404_0,0,10,123.4858542,41.7483448
road,w1295175404_0,0,11,123.4851163,41.7483018
road,w1295175404_0,0,12,123.4812137,41.7482886
road,w1295175404_0,0,13,123.4810664,41.7482882
road,w1295175404_0,0,14,123.4809870,41.7482880
road,w1295175404_0,0,15,123.4769042,41.7482880
road,w1295175404_0,0,16,123.4755913,41.7482827
road,w1295175404_0,0,17,123.4727638,41.7482713
road,w1295175404_0,0,18,123.4704988,41.7482870
road,w1295175404_0,0,19,123.4701597,41.7482893
road,w1295175404_0,0,20,123.4666640,41.7483089
road,w1295175404_0,0,21,123.4659505,41.7483129
road,w1295175404_0,0,22,123.4648642,41.7482998
road,w1295175404_0,0,23,123.4646838,41.7482977
road,w1295175405_0,0,0,123.4646838,41.7482977
road,w1295175405_0,0,1,123.4609371,41.7482943
road,w1295175406_0,0,0,123.4609371,41.7482943
road,w1295175406_0,0,1,123.4606422,41.7482987
road,w1295175406_0,0,2,123.4603361,41.7483032
road,w1295175407_0,0,0,123.4603361,41.7483032
road,w1295175407_0,0,1,123.4590738,41.7482966
road,w1295175407_0,0,2,123.4587821,41.7482852
road,w1295175408_0,0,0,123.4587821,41.7482852
road,w1295175408_0,0,1,123.4585132,41.7482832
road,w1295175408_0,0,2,123.4575504,41.7482908
road,w1295175408_0,0,3,123.4568601,41.7482864
road,w1295175409_0,0,0,123.4568601,41.7482864
road,w1295175409_0,0,1,123.4549045,41.7482763
road,w1295175409_0,0,2,123.4541315,41.7482601
road,w1295175409_0,0,3,123.4531914,41.7481759
road,w1295175409_0,0,4,123.4526998,41.7481171
road,w1295175409_0,0,5,123.4523565,41.7480606
road,w1295175409_0,0,6,123.4515092,41.7478795
road,w1295175409_0,0,7,123.4510964,41.7477964
road,w1295175410_0,0,0,123.4510964,41.7477964
road,w1295175410_0,0,1,123.4489210,41.7471043
road,w1295175410_0,0,2,123.4479485,41.7467502
road,w1295175410_0,0,3,123.4465848,41.7461007
road,w1295175410_0,0,4,123.4464177,41.7460207
road,w1295175410_0,0,5,123.4460282,41.7458215
road,w1295175410_0,0,6,123.4459284,41.7457537
road,w1295175411_0,0,0,123.4459259,41.7456295
road,w1295175411_0,0,1,123.4461836,41.7457973
road,w1295175411_0,0,2,123.4464806,41.7459462
road,w1295175411_0,0,3,123.4468958,41.7461746
road,w1295175412_0,0,0,123.4459284,41.7457537
road,w1295175412_0,0,1,123.4439992,41.7444750
road,w1295175413_0,0,0,123.4441884,41.7444890
road,w1295175413_0,0,1,123.4444310,41.7446559
road,w1295175413_0,0,2,123.4458485,41.7455791
road,w1295175413_0,0,3,123.4459259,41.7456295
road,w1295175414_0,0,0,123.4439992,41.7444750
road,w1295175414_0,0,1,123.4438203,41.7443435
road,w1295175414_0,0,2,123.4437576,41.7442997
road,w1295175414_0,0,3,123.4432390,41.7439608
road,w1295175414_0,0,4,123.4430612,41.7438420
road,w1295175414_0,0,5,123.4422269,41.7432596
road,w1295175414_0,0,6,123.4417399,41.7429191
road,w1295175414_0,0,7,123.4416965,41.7428868
road,w1295175414_0,0,8,123.4412105,41.7425511
road,w1295175414_0,0,9,123.4407389,41.7422061
road,w1295175414_0,0,10,123.4392747,41.7411125
road,w1295175414_0,0,11,123.4381692,41.7403430
road,w1295175414_0,0,12,123.4376992,41.7400026
road,w1295175414_0,0,13,123.4372120,41.7397266
road,w1295175414_0,0,14,123.4362799,41.7391985
road,w1295175414_0,0,15,123.4361676,41.7391329
road,w1295175414_0,0,16,123.4361460,41.7391203
road,w1295175414_0,0,17,123.4355965,41.7388547
road,w1295175414_0,0,18,123.4345497,41.7384451
road,w1295175414_0,0,19,123.4335659,41.7380989
road,w1295175414_0,0,20,123.4333409,41.7380270
road,w1295175414_0,0,21,123.4329145,41.7379018
road,w1295175414_0,0,22,123.4328058,41.7378698
road,w1295175414_0,0,23,123.4326608,41.7378330
road,w1295175414_0,0,24,123.4324131,41.7377705
road,w1295175414_0,0,25,123.4320270,41.7376731
road,w1295175414_0,0,26,123.4317372,41.7376080
road,w1295175414_0,0,27,123.4310519,41.7374714
road,w1295175414_0,0,28,123.4301083,41.7373318
road,w1295175414_0,0,29,123.4293923,41.7372966
road,w1295175414_0,0,30,123.4284006,41.7372674
road,w1295175414_0,0,31,123.4283207,41.7372635
road,w1295175414_0,0,32,123.4278000,41.7372344
road,w1295175414_0,0,33,123.4255199,41.7371440
road,w1295175414_0,0,34,123.4235642,41.7370556
road,w1295175414_0,0,35,123.4220526,41.7369993
road,w1295175414_0,0,36,123.4215183,41.7369401
road,w1295175414_0,0,37,123.4213455,41.7369109
road,w1295175414_0,0,38,123.4212087,41.7369083
road,w1295175414_0,0,39,123.4206676,41.7369130
road,w1295175414_0,0,40,123.4200015,41.7369846
road,w1441496832_0,0,0,123.4418278,41.7428530
road,w1441496832_0,0,1,123.4422908,41.7431846
road,w1441496832_0,0,2,123.4438244,41.7442465
road,w1441496833_0,0,0,123.4438244,41.7442465
road,w1441496833_0,0,1,123.4438893,41.7442897
road,w1441496833_0,0,2,123.4441884,41.7444890
road,w1441878609_0,0,0,123.4468815,41.7419710
road,w1441878609_0,0,1,123.4457035,41.7428748
road,w1441878609_0,0,2,123.4438893,41.7442897
road,w1441878609_0,0,3,123.4438203,41.7443435
road,w1441878610_0,0,0,123.4437576,41.7442997
road,w1441878610_0,0,1,123.4438244,41.7442465
park,w1458491799_0,1,0,123.4743015,41.7481113
park,w1458491799_0,1,1,123.4742937,41.7476389
park,w1458491799_0,1,2,123.4742436,41.7445627
park,w1458491799_0,1,3,123.4742213,41.7432011
park,w1458491799_0,1,4,123.4752011,41.7431965
park,w1458491799_0,1,5,123.4753367,41.7432839
park,w1458491799_0,1,6,123.4753798,41.7481021
park,w1458491799_0,1,7,123.4743015,41.7481113
park,w1463869503_0,1,0,123.4665681,41.7550750
park,w1463869503_0,1,1,123.4665105,41.7538172
park,w1463869503_0,1,2,123.4686101,41.7537988
park,w1463869503_0,1,3,123.4709061,41.7538628
park,w1463869503_0,1,4,123.4710831,41.7539669
park,w1463869503_0,1,5,123.4710710,41.7545248
park,w1463869503_0,1,6,123.4704482,41.7545180
park,w1463869503_0,1,7,123.4704059,41.7547977
park,w1463869503_0,1,8,123.4665681,41.7550750
footway,w1463869504_0,0,0,123.4772834,41.7545749
footway,w1463869504_0,0,1,123.4772539,41.7543997
footway,w1463869504_0,0,2,123.4773504,41.7540081
water_hole,r2337174_0,1,0,123.4494234,41.7531698
water_hole,r2337174_0,1,1,123.4488655,41.7530097
water_hole,r2337174_0,1,2,123.4483076,41.7527856
water_hole,r2337174_0,1,3,123.4482218,41.7522413
water_hole,r2337174_0,1,4,123.4483506,41.7519532
water_hole,r2337174_0,1,5,123.4487368,41.7516010
water_hole,r2337174_0,1,6,123.4497239,41.7516010
water_hole,r2337174_0,1,7,123.4512259,41.7519212
water_hole,r2337174_0,1,8,123.4525134,41.7519852
water_hole,r2337174_0,1,9,123.4544875,41.7517931
water_hole,r2337174_0,1,10,123.4559466,41.7515690
water_hole,r2337174_0,1,11,123.4568049,41.7515690
water_hole,r2337174_0,1,12,123.4572340,41.7519532
water_hole,r2337174_0,1,13,123.4573199,41.7525295
water_hole,r2337174_0,1,14,123.4566761,41.7528817
water_hole,r2337174_0,1,15,123.4564186,41.7528817
water_hole,r2337174_0,1,16,123.4562899,41.7526896
water_hole,r2337174_0,1,17,123.4559466,41.7527216
water_hole,r2337174_0,1,18,123.4559037,41.7529137
water_hole,r2337174_0,1,19,123.4533287,41.7533299
water_hole,r2337174_0,1,20,123.4519125,41.7533619
water_hole,r2337174_0,1,21,123.4504963,41.7532979
water_hole,r2337174_0,1,22,123.4501530,41.7532018
water_hole,r2337174_0,1,23,123.4494234,41.7531698
water,r2337174_1,1,0,123.3716692,41.7454463
water,r2337174_1,1,1,123.3745192,41.7463283
water,r2337174_1,1,2,123.3748494,41.7465352
water,r2337174_1,1,3,123.3758749,41.7468231
water,r2337174_1,1,4,123.3794944,41.7489721
water,r2337174_1,1,5,123.3796003,41.7490342
water,r2337174_1,1,6,123.3798149,41.7491412
water,r2337174_1,1,7,123.3800322,41.7492433
water,r2337174_1,1,8,123.3803138,41.7493493
water,r2337174_1,1,9,123.3806276,41.7494814
water,r2337174_1,1,10,123.3810005,41.7496615
water,r2337174_1,1,11,123.3817957,41.7504701
water,r2337174_1,1,12,123.3859600,41.7533866
water,r2337174_1,1,13,123.3883088,41.7544889
water,r2337174_1,1,14,123.3891698,41.7548929
water,r2337174_1,1,15,123.3900348,41.7551397
water,r2337174_1,1,16,123.3919212,41.7556778
water,r2337174_1,1,17,123.3942212,41.7560378
water,r2337174_1,1,18,123.3972328,41.7557232
water,r2337174_1,1,19,123.3992512,41.7551962
water,r2337174_1,1,20,123.4005973,41.7546928
water,r2337174_1,1,21,123.4018746,41.7541459
water,r2337174_1,1,22,123.4026678,41.7536917
water,r2337174_1,1,23,123.4034724,41.7530122
water,r2337174_1,1,24,123.4038871,41.7526282
water,r2337174_1,1,25,123.4043404,41.7521245
water,r2337174_1,1,26,123.4049737,41.7513922
water,r2337174_1,1,27,123.4055704,41.7505475
water,r2337174_1,1,28,123.4068099,41.7488298
water,r2337174_1,1,29,123.4077181,41.7475916
water,r2337174_1,1,30,123.4099068,41.7438773
water,r2337174_1,1,31,123.4127392,41.7419240
water,r2337174_1,1,32,123.4150566,41.7408993
water,r2337174_1,1,33,123.4172882,41.7402909
water,r2337174_1,1,34,123.4221806,41.7394263
water,r2337174_1,1,35,123.4257854,41.7394263
water,r2337174_1,1,36,123.4275346,41.7396636
water,r2337174_1,1,37,123.4274889,41.7399070
water,r2337174_1,1,38,123.4275790,41.7400303
water,r2337174_1,1,39,123.4283574,41.7400611
water,r2337174_1,1,40,123.4286036,41.7401091
water,r2337174_1,1,41,123.4291835,41.7401488
water,r2337174_1,1,42,123.4293889,41.7401628
water,r2337174_1,1,43,123.4295075,41.7400991
water,r2337174_1,1,44,123.4298265,41.7400285
water,r2337174_1,1,45,123.4301940,41.7400882
water,r2337174_1,1,46,123.4302326,41.7399975
water,r2337174_1,1,47,123.4314405,41.7403189
water,r2337174_1,1,48,123.4332236,41.7409594
water,r2337174_1,1,49,123.4345615,41.7417103
water,r2337174_1,1,50,123.4355775,41.7423011
water,r2337174_1,1,51,123.4360603,41.7425396
water,r2337174_1,1,52,123.4363039,41.7428590
water,r2337174_1,1,53,123.4366075,41.7431360
water,r2337174_1,1,54,123.4368553,41.7432961
water,r2337174_1,1,55,123.4391384,41.7446330
water,r2337174_1,1,56,123.4399088,41.7448971
water,r2337174_1,1,57,123.4402317,41.7449099
water,r2337174_1,1,58,123.4414934,41.7456088
water,r2337174_1,1,59,123.4420074,41.7457345
water,r2337174_1,1,60,123.4438284,41.7465032
water,r2337174_1,1,61,123.4450659,41.7469879
water,r2337174_1,1,62,123.4458786,41.7477575
water,r2337174_1,1,63,123.4462370,41.7477063
water,r2337174_1,1,64,123.4464572,41.7475578
water,r2337174_1,1,65,123.4471790,41.7477130
water,r2337174_1,1,66,123.4472688,41.7476350
water,r2337174_1,1,67,123.4475945,41.7478024
water,r2337174_1,1,68,123.4475930,41.7480977
water,r2337174_1,1,69,123.4475920,41.7483092
water,r2337174_1,1,70,123.4473801,41.7483793
water,r2337174_1,1,71,123.4473501,41.7485308
water,r2337174_1,1,72,123.4484428,41.7487647
water,r2337174_1,1,73,123.4512772,41.7494166
water,r2337174_1,1,74,123.4534052,41.7497639
water,r2337174_1,1,75,123.4534975,41.7499001
water,r2337174_1,1,76,123.4537110,41.7499564
water,r2337174_1,1,77,123.4539038,41.7499249
water,r2337174_1,1,78,123.4539843,41.7497264
water,r2337174_1,1,79,123.4540285,41.7496286
water,r2337174_1,1,80,123.4544231,41.7494573
water,r2337174_1,1,81,123.4550097,41.7493820
water,r2337174_1,1,82,123.4556341,41.7493905
water,r2337174_1,1,83,123.4562161,41.7494831
water,r2337174_1,1,84,123.4562357,41.7495772
water,r2337174_1,1,85,123.4561311,41.7496352
water,r2337174_1,1,86,123.4559967,41.7496994
water,r2337174_1,1,87,123.4559477,41.7497813
water,r2337174_1,1,88,123.4560783,41.7498435
water,r2337174_1,1,89,123.4566845,41.7497368
water,r2337174_1,1,90,123.4654821,41.7494166
water,r2337174_1,1,91,123.4667781,41.7495395
water,r2337174_1,1,92,123.4691034,41.7496428
water,r2337174_1,1,93,123.4702806,41.7496514
water,r2337174_1,1,94,123.4705083,41.7497725
water,r2337174_1,1,95,123.4707004,41.7497644
water,r2337174_1,1,96,123.4708996,41.7496486
water,r2337174_1,1,97,123.4735770,41.7497154
water,r2337174_1,1,98,123.4764685,41.7494166
water,r2337174_1,1,99,123.4778390,41.7496110
water,r2337174_1,1,100,123.4793582,41.7501245
water,r2337174_1,1,101,123.4803308,41.7502811
water,r2337174_1,1,102,123.4827341,41.7506332
water,r2337174_1,1,103,123.4850040,41.7507156
water,r2337174_1,1,104,123.4889308,41.7515720
water,r2337174_1,1,105,123.4897676,41.7517241
water,r2337174_1,1,106,123.4904944,41.7517474
water,r2337174_1,1,107,123.4906234,41.7518369
water,r2337174_1,1,108,123.4907802,41.7518934
water,r2337174_1,1,109,123.4909717,41.7519193
water,r2337174_1,1,110,123.4912049,41.7519339
water,r2337174_1,1,111,123.4915379,41.7521243
water,r2337174_1,1,112,123.4918234,41.7521838
water,r2337174_1,1,113,123.4923491,41.7522318
water,r2337174_1,1,114,123.4933913,41.7523917
water,r2337174_1,1,115,123.4951198,41.7526868
water,r2337174_1,1,116,123.4946799,41.7545933
water,r2337174_1,1,117,123.4937884,41.7564265
water,r2337174_1,1,118,123.4902850,41.7556130
water,r2337174_1,1,119,123.4894718,41.7554356
water,r2337174_1,1,120,123.4834505,41.7545063
water,r2337174_1,1,121,123.4823245,41.7543325
water,r2337174_1,1,122,123.4820533,41.7544111
water,r2337174_1,1,123,123.4817798,41.7545071
water,r2337174_1,1,124,123.4816295,41.7545071
water,r2337174_1,1,125,123.4815062,41.7544551
water,r2337174_1,1,126,123.4813270,41.7541786
water,r2337174_1,1,127,123.4793891,41.7538795
water,r2337174_1,1,128,123.4762456,41.7533752
water,r2337174_1,1,129,123.4756018,41.7532712
water,r2337174_1,1,130,123.4747470,41.7530384
water,r2337174_1,1,131,123.4744090,41.7529944
water,r2337174_1,1,132,123.4738101,41.7529750
water,r2337174_1,1,133,123.4737629,41.7529710
water,r2337174_1,1,134,123.4691729,41.7525863
water,r2337174_1,1,135,123.4663414,41.7527471
water,r2337174_1,1,136,123.4657915,41.7527783
water,r2337174_1,1,137,123.4643134,41.7528622
water,r2337174_1,1,138,123.4630989,41.7529415
water,r2337174_1,1,139,123.4621025,41.7533261
water,r2337174_1,1,140,123.4610181,41.7535361
water,r2337174_1,1,141,123.4610637,41.7532960
water,r2337174_1,1,142,123.4610289,41.7530879
water,r2337174_1,1,143,123.4607606,41.7528858
water,r2337174_1,1,144,123.4606855,41.7529258
water,r2337174_1,1,145,123.4609752,41.7531560
water,r2337174_1,1,146,123.4609859,41.7532940
water,r2337174_1,1,147,123.4609484,41.7534321
water,r2337174_1,1,148,123.4608035,41.7535361
water,r2337174_1,1,149,123.4607010,41.7536562
water,r2337174_1,1,150,123.4604014,41.7537461
water,r2337174_1,1,151,123.4595810,41.7537683
water,r2337174_1,1,152,123.4594270,41.7536066
water,r2337174_1,1,153,123.4590751,41.7536350
water,r2337174_1,1,154,123.4586856,41.7536664
water,r2337174_1,1,155,123.4581698,41.7538779
water,r2337174_1,1,156,123.4579491,41.7538879
water,r2337174_1,1,157,123.4566416,41.7539469
water,r2337174_1,1,158,123.4516634,41.7541870
water,r2337174_1,1,159,123.4504973,41.7542849
water,r2337174_1,1,160,123.4492165,41.7542684
water,r2337174_1,1,161,123.4477292,41.7540836
water,r2337174_1,1,162,123.4456350,41.7536788
water,r2337174_1,1,163,123.4449157,41.7533539
water,r2337174_1,1,164,123.4437010,41.7528053
water,r2337174_1,1,165,123.4433626,41.7526525
water,r2337174_1,1,166,123.4420826,41.7518797
water,r2337174_1,1,167,123.4417031,41.7517490
water,r2337174_1,1,168,123.4409795,41.7514020
water,r2337174_1,1,169,123.4402580,41.7508409
water,r2337174_1,1,170,123.4397336,41.7507260
water,r2337174_1,1,171,123.4393529,41.7504113
water,r2337174_1,1,172,123.4391483,41.7500081
water,r2337174_1,1,173,123.4383138,41.7493559
water,r2337174_1,1,174,123.4382693,41.7493009
water,r2337174_1,1,175,123.4379222,41.7490688
water,r2337174_1,1,176,123.4366696,41.7480987
water,r2337174_1,1,177,123.4352366,41.7472182
water,r2337174_1,1,178,123.4344973,41.7465990
water,r2337174_1,1,179,123.4340195,41.7462863
water,r2337174_1,1,180,123.4336585,41.7460334
water,r2337174_1,1,181,123.4331338,41.7457600
water,r2337174_1,1,182,123.4319055,41.7450783
water,r2337174_1,1,183,123.4306143,41.7445655
water,r2337174_1,1,184,123.4301755,41.7444175
water,r2337174_1,1,185,123.4301492,41.7442586
water,r2337174_1,1,186,123.4297903,41.7440456
water,r2337174_1,1,187,123.4295576,41.7439078
water,r2337174_1,1,188,123.4295203,41.7436900
water,r2337174_1,1,189,123.4288747,41.7436550
water,r2337174_1,1,190,123.4285265,41.7436376
water,r2337174_1,1,191,123.4284642,41.7437176
water,r2337174_1,1,192,123.4275910,41.7436204
water,r2337174_1,1,193,123.4267600,41.7433968
water,r2337174_1,1,194,123.4246267,41.7433330
water,r2337174_1,1,195,123.4232496,41.7433162
water,r2337174_1,1,196,123.4214949,41.7438358
water,r2337174_1,1,197,123.4196385,41.7445203
water,r2337174_1,1,198,123.4172453,41.7453182
water,r2337174_1,1,199,123.4156096,41.7458975
water,r2337174_1,1,200,123.4143835,41.7466869
water,r2337174_1,1,201,123.4133498,41.7475294
water,r2337174_1,1,202,123.4068816,41.7544935
water,r2337174_1,1,203,123.4034695,41.7576126
water,r2337174_1,1,204,123.4018816,41.7582528
water,r2337174_1,1,205,123.3998217,41.7587330
water,r2337174_1,1,206,123.3960880,41.7591812
water,r2337174_1,1,207,123.3943633,41.7593081
water,r2337174_1,1,208,123.3927213,41.7592003
water,r2337174_1,1,209,123.3919278,41.7590079
water,r2337174_1,1,210,123.3917256,41.7589610
water,r2337174_1,1,211,123.3914767,41.7588651
water,r2337174_1,1,212,123.3905193,41.7585127
water,r2337174_1,1,213,123.3873093,41.7574026
water,r2337174_1,1,214,123.3854800,41.7565870
water,r2337174_1,1,215,123.3837087,41.7555978
water,r2337174_1,1,216,123.3821187,41.7545029
water,r2337174_1,1,217,123.3789783,41.7526972
water,r2337174_1,1,218,123.3758637,41.7505273
water,r2337174_1,1,219,123.3741772,41.7492186
water,r2337174_1,1,220,123.3708109,41.7483600
water,r2337174_1,1,221,123.3672918,41.7474955
water,r2337174_1,1,222,123.3661331,41.7476876
water,r2337174_1,1,223,123.3656799,41.7479519
water,r2337174_1,1,224,123.3652958,41.7476861
water,r2337174_1,1,225,123.3647169,41.7475275
water,r2337174_1,1,226,123.3632123,41.7474816
water,r2337174_1,1,227,123.3626973,41.7471686
water,r2337174_1,1,228,123.3595270,41.7473692
water,r2337174_1,1,229,123.3560509,41.7467288
water,r2337174_1,1,230,123.3525747,41.7451919
water,r2337174_1,1,231,123.3471245,41.7430786
water,r2337174_1,1,232,123.3431334,41.7405809
water,r2337174_1,1,233,123.3414993,41.7391726
water,r2337174_1,1,234,123.3414328,41.7387716
water,r2337174_1,1,235,123.3344215,41.7284114
water,r2337174_1,1,236,123.3319325,41.7266818
water,r2337174_1,1,237,123.3295292,41.7243117
water,r2337174_1,1,238,123.3251089,41.7218773
water,r2337174_1,1,239,123.3192724,41.7187382
water,r2337174_1,1,240,123.3130068,41.7164318
water,r2337174_1,1,241,123.3094019,41.7155989
water,r2337174_1,1,242,123.3043124,41.7139573
water,r2337174_1,1,243,123.3038627,41.7138261
water,r2337174_1,1,244,123.3024496,41.7133564
water,r2337174_1,1,245,123.3033196,41.7114954
water,r2337174_1,1,246,123.3038856,41.7117308
water,r2337174_1,1,247,123.3040974,41.7114693
water,r2337174_1,1,248,123.3048945,41.7116331
water,r2337174_1,1,249,123.3050886,41.7116796
water,r2337174_1,1,250,123.3061802,41.7119399
water,r2337174_1,1,251,123.3076635,41.7122402
water,r2337174_1,1,252,123.3092621,41.7125946
water,r2337174_1,1,253,123.3109492,41.7129270
water,r2337174_1,1,254,123.3122876,41.7132874
water,r2337174_1,1,255,123.3132130,41.7135557
water,r2337174_1,1,256,123.3138138,41.7137519
water,r2337174_1,1,257,123.3145621,41.7140142
water,r2337174_1,1,258,123.3154553,41.7142805
water,r2337174_1,1,259,123.3162171,41.7145888
water,r2337174_1,1,260,123.3171800,41.7149452
water,r2337174_1,1,261,123.3181107,41.7152635
water,r2337174_1,1,262,123.3183682,41.7153416
water,r2337174_1,1,263,123.3185506,41.7154097
water,r2337174_1,1,264,123.3187491,41.7155218
water,r2337174_1,1,265,123.3190039,41.7156600
water,r2337174_1,1,266,123.3192211,41.7157581
water,r2337174_1,1,267,123.3204469,41.7164088
water,r2337174_1,1,268,123.3206937,41.7165629
water,r2337174_1,1,269,123.3209029,41.7166770
water,r2337174_1,1,270,123.3211657,41.7168072
water,r2337174_1,1,271,123.3214742,41.7169313
water,r2337174_1,1,272,123.3218095,41.7170414
water,r2337174_1,1,273,123.3227804,41.7173558
water,r2337174_1,1,274,123.3234000,41.7175299
water,r2337174_1,1,275,123.3241188,41.7177261
water,r2337174_1,1,276,123.3245024,41.7178062
water,r2337174_1,1,277,123.3248243,41.7178603
water,r2337174_1,1,278,123.3251300,41.7179324
water,r2337174_1,1,279,123.3253822,41.7180265
water,r2337174_1,1,280,123.3255726,41.7181145
water,r2337174_1,1,281,123.3257335,41.7181906
water,r2337174_1,1,282,123.3258730,41.7182447
water,r2337174_1,1,283,123.3260313,41.7182767
water,r2337174_1,1,284,123.3265114,41.7184409
water,r2337174_1,1,285,123.3267662,41.7184929
water,r2337174_1,1,286,123.3269352,41.7185130
water,r2337174_1,1,287,123.3271632,41.7185590
water,r2337174_1,1,288,123.3273563,41.7186211
water,r2337174_1,1,289,123.3275977,41.7187092
water,r2337174_1,1,290,123.3279571,41.7188473
water,r2337174_1,1,291,123.3293304,41.7192838
water,r2337174_1,1,292,123.3297408,41.7194619
water,r2337174_1,1,293,123.3301511,41.7196381
water,r2337174_1,1,294,123.3303899,41.7198543
water,r2337174_1,1,295,123.3306017,41.7200345
water,r2337174_1,1,296,123.3341641,41.7232547
water,r2337174_1,1,297,123.3453298,41.7372589
water,r2337174_1,1,298,123.3454508,41.7374106
water,r2337174_1,1,299,123.3482890,41.7390614
water,r2337174_1,1,300,123.3483690,41.7391079
water,r2337174_1,1,301,123.3491460,41.7395120
water,r2337174_1,1,302,123.3496512,41.7397747
water,r2337174_1,1,303,123.3526177,41.7413174
water,r2337174_1,1,304,123.3545415,41.7418997
water,r2337174_1,1,305,123.3547127,41.7419515
water,r2337174_1,1,306,123.3548164,41.7419686
water,r2337174_1,1,307,123.3586258,41.7425982
water,r2337174_1,1,308,123.3603424,41.7434628
water,r2337174_1,1,309,123.3659614,41.7448699
water,r2337174_1,1,310,123.3674635,41.7449340
water,r2337174_1,1,311,123.3693947,41.7449019
water,r2337174_1,1,312,123.3716692,41.7454463
water_hole,r2337174_2,1,0,123.4284304,41.7434840
water_hole,r2337174_2,1,1,123.4284706,41.7435160
water_hole,r2337174_2,1,2,123.4285421,41.7435345
water_hole,r2337174_2,1,3,123.4293174,41.7435697
water_hole,r2337174_2,1,4,123.4294156,41.7435682
water_hole,r2337174_2,1,5,123.4294895,41.7435404
water_hole,r2337174_2,1,6,123.4294134,41.7434980
water_hole,r2337174_2,1,7,123.4293442,41.7434856
water_hole,r2337174_2,1,8,123.4285288,41.7434416
water_hole,r2337174_2,1,9,123.4284714,41.7434539
water_hole,r2337174_2,1,10,123.4284304,41.7434840
water_hole,r2337174_3,1,0,123.4248098,41.7401806
water_hole,r2337174_3,1,1,123.4246274,41.7401886
water_hole,r2337174_3,1,2,123.4244826,41.7401245
water_hole,r2337174_3,1,3,123.4243807,41.7400805
water_hole,r2337174_3,1,4,123.4242197,41.7400725
water_hole,r2337174_3,1,5,123.4239354,41.7400645
water_hole,r2337174_3,1,6,123.4238388,41.7400805
water_hole,r2337174_3,1,7,123.4235384,41.7401566
water_hole,r2337174_3,1,8,123.4233668,41.7401806
water_hole,r2337174_3,1,9,123.4231576,41.7402526
water_hole,r2337174_3,1,10,123.4230074,41.7402806
water_hole,r2337174_3,1,11,123.4227928,41.7402926
water_hole,r2337174_3,1,12,123.4226319,41.7403607
water_hole,r2337174_3,1,13,123.4224977,41.7403807
water_hole,r2337174_3,1,14,123.4223475,41.7404367
water_hole,r2337174_3,1,15,123.4222188,41.7404888
water_hole,r2337174_3,1,16,123.4221866,41.7405688
water_hole,r2337174_3,1,17,123.4222349,41.7406449
water_hole,r2337174_3,1,18,123.4223046,41.7407089
water_hole,r2337174_3,1,19,123.4224977,41.7407249
water_hole,r2337174_3,1,20,123.4226158,41.7407169
water_hole,r2337174_3,1,21,123.4227713,41.7406849
water_hole,r2337174_3,1,22,123.4229859,41.7406289
water_hole,r2337174_3,1,23,123.4231093,41.7405888
water_hole,r2337174_3,1,24,123.4234526,41.7406649
water_hole,r2337174_3,1,25,123.4236672,41.7406569
water_hole,r2337174_3,1,26,123.4237852,41.7406129
water_hole,r2337174_3,1,27,123.4240642,41.7406369
water_hole,r2337174_3,1,28,123.4242787,41.7406889
water_hole,r2337174_3,1,29,123.4244879,41.7407249
water_hole,r2337174_3,1,30,123.4246006,41.7407089
water_hole,r2337174_3,1,31,123.4247508,41.7406169
water_hole,r2337174_3,1,32,123.4247991,41.7405408
water_hole,r2337174_3,1,33,123.4248795,41.7404688
water_hole,r2337174_3,1,34,123.4250137,41.7403967
water_hole,r2337174_3,1,35,123.4250566,41.7403207
water_hole,r2337174_3,1,36,123.4250297,41.7402606
water_hole,r2337174_3,1,37,123.4249278,41.7402286
water_hole,r2337174_3,1,38,123.4248098,41.7401806
water_hole,r2337174_4,1,0,123.4549316,41.7498834
water_hole,r2337174_4,1,1,123.4549662,41.7499135
water_hole,r2337174_4,1,2,123.4551339,41.7499101
water_hole,r2337174_4,1,3,123.4553914,41.7498941
water_hole,r2337174_4,1,4,123.4554933,41.7499021
water_hole,r2337174_4,1,5,123.4556003,41.7498116
water_hole,r2337174_4,1,6,123.4555523,41.7497660
water_hole,r2337174_4,1,7,123.4553163,41.7497340
water_hole,r2337174_4,1,8,123.4549730,41.7497300
water_hole,r2337174_4,1,9,123.4549108,41.7497257
water_hole,r2337174_4,1,10,123.4549083,41.7497804
water_hole,r2337174_4,1,11,123.4549316,41.7498834
